gene name,Betweenness unDir,Stress unDir
SNCA*KDG*,30844.05102,1154556
PARK2*KDG*,27946.46641,886044
NTRK2,19413.30922,662480
DRD2*KDG*,8312.796612,294218
NTF3,3067.010637,99698
AGO2,3440.479664,118110
GPR37,3058.831968,93266
TCP1,909.1686061,28842
ADORA2A,1496.354302,62810
MAOB*KDG*,10811.90221,319042
CLU,5512.685546,174198
NEFM,3612.783852,131882
SCARB2,6018.583201,205738
CCNG1,2372.011719,73232
SUMO4,258.9267876,8124
CDC5L,1822.032479,63898
SRPK1,8610.563158,267894
MYO1F,3189.631911,99326
APOE*KDG*,8391.130515,226846
PLTP,1016.334479,25880
AXIN1,5296.499055,157614
TRAP1,1230.819245,31960
PSAP,4113.824954,119378
GBA*KDG*,720.795184,22722
LAMP1,654.1163913,17704
GLI3,7215.581638,233080
MID2,1207.749686,47014
NGF,3511.729841,123378
IQSEC1,9931.003901,319038
SORT1,612.5305566,19412
LRPAP1,2320.123231,72110
PARK7,2318.440209,62064
CDK5,2336.51538,79984
PACRG,325.1510939,13426
CYP2C8,5692.561617,189220
LAMP2,2282.276771,78846
ARPP19,643.6246804,21166
KIF11,2097.500578,69180
ST13,1383.315486,45424
TOMM20,1113.261008,36446
MYO1D,1763.195379,56324
CYP2C18,1625.437193,62000
GRN,4705.72,129688
CHPF,2498.780834,60672
TRIP13,1962.307358,52224
TPPP,815.8036619,26284
RAD1,546.1760133,19782
CSNK1D,2468.043942,80910
AATF,4182.11,145538
STXBP1,3734.446048,148464
MAPKAP1,7403.478856,236842
LRP8,1429.538707,50964
MDN1,1809.778938,61668
BAG5,596.6161443,19570
MYL9,1881.738431,51962
FLNA,3447.297253,92396
LCAT,1795.93886,57200
HSPA4,2201.767022,69786
KCNJ3,6958.44955,214300
CAMK2A,6155.265371,212756
NTRK1,2239.846622,71456
S100B,2459.963799,72248
KLK6,5076.42,165276
DNAJA1,6581.84022,205002
LITAF,1430.955254,41694
UBE2L3,1834.550402,57064
COMT*KDG*,7420.433018,195730
FBXO7,1933.591532,63900
AGPAT1,2018.815261,45078
PINK1*KDG*,24878.49263,724980
ACSL1,3223.49063,100752
LBP,2076.684438,59110
SLC6A3,591.12454,17348
PPP1CA,3637.361366,107238
NCOR2,12793.02338,395496
HTT,11065.51529,354686
FBP1,3644.47,107628
FKBP4,1403.647135,52456
CYB5R1,1540.523383,46140
MYL12B,881.5512436,23522
LIMS1,1665.08905,55902
APOC1,3354.194198,98196
MAP2K6,2003.750518,74554
MAPK12,333.3388118,10504
HSD17B4,4140.807753,133006
CYB5A,3634.184959,129592
HSP90AB1,2774.74306,83654
HP,3475.038648,114830
AADAC,4886.142083,152116
TMCC2,1186.835733,39854
HTRA2,1990.972789,53152
ITGB7,2165.881687,61552
CAPN2,2203.26565,69412
SLC6A2,938.5931062,34122
KCNJ6,5070.578014,179132
HTRA1,2325.652912,78610
DAPK1,15707.07312,483374
TTPA,7032.316032,225992
CFHR3,1485.823658,55480
CYP2D6*KDG*,3347.640443,151046
BST1*KDG*,24258.66122,701036
BDNF*KDG*,8372.608191,206206
HSPB6,1024.99,34684
ACE,2870.111378,84548
UBE2G1,1304.733031,41948
SCARB1,6333.503548,208088
EPB41L1,1828.321671,65680
DMTN,4840.998675,131004
FAH,6632.917353,227460
ZAP70,4126.602026,127646
MAPK11,1032.999417,32564
HMGCS1,1985.56744,60928
ACTG2,1232.257848,44696
VLDLR,3899.222469,121476
ESRRB,2744.345989,93832
CYP2C9,4917.954787,157970
TGM1,588.3834695,16082
RPS6KA3,1012.318065,34688
HSPA1A,1519.256679,41468
CDC37,3878.204392,112234
ART1,2078.421499,63880
SLC11A2,1234.520824,41130
CAV1,3563.120648,116330
SYT11,1567.988829,49350
RAD21,3569.730552,119888
SGK1,2399.761294,81630
TOMM40,4678.153952,138184
POR,1339.477394,34780
CKM,1946.948478,61536
USP9Y,295.3392403,9860
TYRO3,3713.551332,133016
RAI14,5339.566027,174710
MAP1B,6548.040554,230790
RPS6KA1,4832.32,139582
MAP2K3,1417.028488,40118
TNFRSF1A,3437.743516,101046
SYN1,1409.072695,47316
CYB5R3,1076.034368,29244
AP1B1,7475.520463,222550
MARCH2,2253.201553,60878
MYL6,643.1572931,18030
CAPZA2,3128.77,104352
LECT2,15370.42854,533946
IDI1,4291.615379,128536
MPC2,1993.29406,58994
LRP2,892.6703734,33806
SLC1A2,3713.235947,128122
PAWR,1020.467637,34898
NR5A2,3810.347623,134464
KCNAB1,7300.215978,254246
SERPINB10,3067.028664,95752
RALYL,487.6046731,14792
TUBA1A,4154.502567,130602
PSEN1,2462.961012,72730
IRS4,3006.124478,98940
KCNJ5,1487.514534,45912
RELN,11416.49944,353690
CASR,1831.686597,60222
NOS3,2013.853242,55472
DLG4,2580.365031,81182
RB1CC1,4325.29474,137468
ATP6V1E1,8558.76,273608
UBE2M,1093.970107,33954
ILK,5763.597268,151294
ELOVL6,9611.16,329252
FADS1,1266.877743,40028
DHCR7,1618.96648,45028
APOC3,2375.874914,83612
NTRK3,9476.247432,308072
SIM2,1176.51,42538
FOXG1,10285.65791,341390
KCNJ9,2242.94,69982
GSK3A,7796.809524,243478
DNAJB1,1214.627622,38414
ABHD14A,4429.8478,128966
ATP6V1B1,2494.73348,59196
SNCB,5846.674443,174428
POLR1C,305.5383882,9772
SOD1,10453.68425,321926
SAP18,1505.704781,46696
TOR1A,1375.617691,39690
BCAS1,1886.691882,60252
IFIT5,838.4017855,27984
IFIT3,2413.390372,70802
SHOX,4898.08,188414
COPS8,6073.81904,215120
MFN2,1792.690927,54230
YWHAH,7319.368475,225500
EYA1,5737.41,204080
ASGR2,4541.591014,141380
PROC,6869.883299,234654
SLC2A2,8902.2,324244
DOK1,1262.222512,43262
KLKB1,3796.927059,127180
GNMT,1788.108626,55132
SIAH2,3214.417283,95836
ENSA,1136.423559,38166
HTR2C,1506.297773,50120
PON1*KDG*,11135.49864,343158
ARR3,2473.57412,73498
HAAO,7287.340088,231738
MKL1,628.9635711,19514
RPS6KA5,2382.505757,88562
CYCS,1254.725482,36858
PRKCD,3824.219048,114022
PKN1,1210.025569,32600
CBS,4805.177499,169954
ENTPD2,665.1349088,20026
NDP,1947.018848,62706
AKR1C4,6878.745247,244790
RGN,2190.576846,65380
AASS,3174.342155,111796
ALDH2,5025.775602,161658
MYO1B,3385.345522,124454
SEPT4,3114.292443,87344
PRPS1,1067.903668,34656
C9,5038.620223,153536
OGT,703.5948204,23144
DRP2,3643.439144,125416
NFIX,4233.017974,126318
CHI3L1,1198.320576,42312
RGS2,3266.151285,103890
PDK2,1891.966104,70388
ATP6V0D1,3762.725226,104042
PTN,3562.914162,127840
APP,39068.03774,1177408
NGFR,5325.557487,185562
CSNK1A1,2942.967238,98876
EFNB3,999.1756544,36492
VDAC2,1833.949645,57590
DVL1,1924.458291,50782
AKT2,1886.601674,59992
PRKACA,1334.940558,40296
PITX3,1172.316968,36146
BAG1,3098.311545,107772
SCP2,10360.46,346630
ARPC5,5701.110945,198154
ARL6IP5,1011.281896,30066
HMMR,460.3120003,14470
UBE2D2,893.8683891,26802
MAN2B2,3040.228795,107094
MAPT*KDG*,8536.75482,295068
SHH,3297.106706,101498
BCL2L2,686.0915883,16084
F10,3985.681397,119746
CAPG,3261.92277,95000
EIF4EBP1,2242.559709,57870
GSTZ1,3988.179191,125680
VIM,5905.991771,186560
ITIH2,7151.816027,254876
UBE2L6,1015.84323,25542
CAPZB,1383.895016,42604
HSPA8,3225.406211,105150
AMPH,6982.317087,224466
PIGR,5523.117279,154256
CBL,6167.497041,211168
ALK,3580.649566,120828
COL11A2,1196.290361,44686
CYP2A6,3134.76338,109622
EPB42,3236.741006,97808
XCL1,1242.943277,47342
ACO2,2962.598413,91700
DNM1L,2627.204305,89768
CPT1A,1626.784523,59674
APOC4-APOC2,1395.314964,43386
EPHX1,2886.833571,81916
ZER1,1508.539881,47304
FLG,605.7365521,21482
FXYD1,1884.920073,47330
JUNB,669.6304592,19514
ENTPD3,1581.63,58510
CSTB,1278.336515,37684
ITCH,2457.335341,82886
ECE1,5203.635872,157148
MARK2,1607.962338,54844
CST7,3566.495143,108996
PITPNM1,2479.214856,71820
GRIN2B,8386.657238,323428
GYS1,4601.135266,130734
BCR,3480.343691,106430
PPP2R4,2462.642511,77564
PLK2,583.4789889,17010
GAPDH,7533.8701,232640
SERPINA5,2722.371575,108978
PSMD1,2445.905746,88310
ALAD,5402.480296,167654
DPP4,3794.408772,124948
BAG2,1314.801876,44018
LYZ,2773.315024,78672
ME3,8584.905921,258262
ACADVL,4388.316834,114966
EPN2,421.3139104,12916
ITIH1,5228.781834,174078
F7,4338.708284,146736
CTNNA2,13807.98211,476564
FDPS,1335.324453,39656
RNF10,2716.298905,88506
DRD3,1671.170949,57726
F13B,3821.172463,123168
SCN1B,3063.942821,81238
NR1H3,2012.152076,75222
DBH,3542.691235,118296
TCIRG1,2243.365947,68442
CAT,6762.658307,228238
USO1,717.8922809,18476
HNMT,3639.302648,134644
DPYSL2,7920.394481,220616
DOK5,2667.244682,89670
NDRG2,830.6755215,25492
HOMER1,1664.702492,61546
ACTR1B,1720.07959,44012
ABCC9,678.155757,26004
TPM2,1796.64392,53736
C8B,2760.901781,94090
MID1,1556.102596,49792
HSD17B6,4021.821385,137576
CYP7A1,5447.735143,195256
ARVCF,2270.59,71316
DUSP3,7942.808703,260852
SPTB,1405.858415,51266
GPD1,2108.423051,71196
ALAS2,2255.374789,67448
MAST1,2637.220322,76014
NCAM1,438.0703171,15430
APOC2,2087.28,77726
SMPDL3A,868.7568755,31054
MYO1C,1200.087355,37466
GGCX,3248.406091,109418
ARHGEF7,1808.50487,65704
HAGH,6133.418716,209282
C6orf10,526.4342347,16602
ARSE,2000.902612,69108
OPCML,10547.55052,372334
EBP,4214.552308,130320
ASGR1,6630.158434,211784
TSHB,3883.824808,122668
SLC22A18,2277.977961,59014
FKBP8,3376.531088,98434
MSMO1,1722.620173,55828
TOMM70A,2785.809832,88172
THY1,2022.14537,73414
CTSA,4589.048071,140888
AKR1D1,3585.25,123816
RNF5,1314.39982,36242
INPP5A,434.2791565,11984
MDH1,2769.453432,98840
S100A1,1477.108759,44388
HADHB,5823.001676,172754
CPB2,7743.089546,262392
TRADD,900.6283649,26340
SLC6A8,612.8410897,16374
AKT1,3861.476909,106732
TPP1,2021.521582,74368
PSMD4,1569.748638,48146
HBZ,1494.703907,41518
SLC25A1,5019.265431,165288
CPOX,4486.390616,141054
PSMC6,3164.784288,108192
HAO1,8722.644768,289644
PDE10A,2233.097121,82462
OXT,1670.543623,53248
SULT2A1,2049.252399,70838
APOBEC2,3655.366377,108434
GAK*KDG*,7128.115826,215278
COCH,1480.376768,47742
AMBP,5178.973364,170998
GCDH,3178.52604,118400
SH3GL1,1746.999281,50996
AMH,1070.487807,31002
DLG2,20436.17999,661482
SGCE,1826.783959,62614
SLC22A4,3433.116285,104758
PPP2R2A,1819.43054,64950
ASL,4563.454366,130308
FPR2,3845.412322,114238
PTGIR,1000.114235,32074
HBB,3793.591341,124764
OAZ1,3544.595754,114806
ACP2,1885.962352,53010
GSTA2,402.1659471,14234
CCT2,4851.485067,161858
FPR1,4358.184409,141836
ARG1,7959.446999,244726
LRP1,1221.571963,34692
SDHC,1465.857054,39232
DPYS,3804.436484,128610
NR3C1,3707.890159,115618
SLC6A4,1366.353653,44178
RAB5B,2822.538097,76476
EHHADH,11160.36765,377746
CYP2A13,1609.675239,50316
CALM3,1295.107103,57938
RASSF7,3685.923131,100126
MAP2K7,803.1814936,25772
SIRPB1,677.7053464,23486
PRPH,4234.146839,136092
MKRN1,1116.036423,34382
RGS9,1191.924172,33538
PTK2B,4620.659017,143248
ALDH3A2,4144.572181,139576
ANO3,8114.539899,260294
DUSP6,2117.709254,71714
RAPSN,1043.344653,35590
ECHS1,5638.50943,154344
AR,4165.416505,129016
CTSD,4032.26,121672
SPEF1,8421.92,211198
CYP2E1,2958.342998,110850
CALM1,3191.487095,98948
RXRA,1149.172783,30286
RPS6KB1,1801.377386,66534
ATP7B,3520.60411,104710
DNASE1L2,1212.151469,34656
MSN,1965.345285,52900
ABCC6,2450.1086,110262
ZNHIT1,3850.775075,113086
CD81,3040.27745,85064
UQCRC1,5994.221312,168704
F9,9556.678048,318924
WNT4,3840.080487,128256
PLCB2,3898.866008,117232
PKLR,2489.898226,81410
PPP3CB,1720.347688,64324
CEACAM8,2074.21936,68854
GMDS,7535.977756,243164
COX7A2L,1256.099543,43586
CDH16,1100.31,35438
S100A2,782.650125,23602
APOH,4967.302335,173740
IDH2,3178.923745,80754
ACADSB,5286.082607,182664
CLTC,4186.632962,135670
DBN1,353.759283,10592
PLA2G7,1619.69799,61522
SMCP,1085.096602,38216
MGRN1,3182.325513,100502
GNA15,1231.757117,34966
PAFAH1B2,2597.421535,89480
FMO5,5385.103464,180530
ESRRG,8934.05,323992
BCAT2,1385.916898,40940
MYOZ3,864.3761021,34156
APOA1,2092.094973,68834
TP53I11,7148.14008,236392
GJB1,7503.5,239972
TUBB,1438.976051,42234
MYO5A,2272.978761,81108
PPP5C,2993.300126,86816
PON2,3560.426357,114292
MAPRE3,1457.097546,50422
ILVBL,389.3851861,10794
ACAA1,2528.432477,79060
APCS,8450.37,270474
SCFD1,5979.87858,208146
CYP27A1,3673.283752,120184
STK25,5950.381032,225162
SERPINA7,2700.751522,91466
ALPL,5001.487083,149356
FOXI1,1700.446344,54744
FECH,2646.007753,84112
GML,884.2420852,27404
SERPINC1,6618.752107,217578
ANK2,8071.874212,272314
SPR,7822.447052,247964
HADH,5317.417809,172988
TXNRD2,2356.921938,80784
PRB4,2340.438382,58598
PSME2,811.4531898,21274
C10orf10,877.4010069,20142
TSPYL2,990.6600115,33404
PSMC2,1754.040083,57740
SLC18A2,1121.00294,40112
FYN,7412.625159,248062
C8A,15785.96198,529960
PSMD2,4698.540486,140934
MFN1,960.6846183,31216
ARIH1,3516.469837,110872
CPQ,2370.440901,78228
GNAZ,2865.017333,90622
NFE2,3918.65078,116156
EXT1,8915.930954,278980
DNAJB2,2866.773912,73126
PDYN,1599.390859,57094
CDC42EP2,855.1014042,26082
RDH16,4171.25,167068
HYAL3,1451.871948,47626
PLEKHA6,2623.146159,92714
LDLR,1192.497875,33692
CYP51A1,6596.087303,217826
HSPB1,2004.127042,50372
DPYD,7474.788087,269210
BLOC1S1,2818.188454,81872
ARRB2,4780.165187,138576
GAD2,1729.535024,59204
MAT1A,5413.869293,162906
SERPINA3,4225.82116,134226
NTN3,3647.907764,100998
MPRIP,4711.479341,162144
PRDX3,2348.254466,76254
PDCD4,4374.806975,149984
PENK,4796.52,161658
BPHL,2862.079112,90766
LRBA,11621.78965,357130
ALOX5AP,10186.76947,312230
HSD3B1,2549.141335,89526
RPS8,803.9728211,23222
NDUFS5,262.7318515,9372
PLD2,5646.795918,178396
COG7,397.050534,10432
GPAA1,723.125407,21894
CEP164,2736.303648,82660
MAP2,2219.993913,79492
YWHAB,4070.309897,129270
AGPAT2,5063.906613,136988
IFIT1,1345.536104,43598
KCNAB2,2832.783355,96598
MAPK8IP1,1670.89793,53604
SMG5,706.6220909,18784
RGP1,1222.433329,34486
FTL,9144.181555,277484
CYP26A1,3948.156201,128732
SYT2,2307.003262,74970
PLG,6652.197855,226358
COPS7A,2027.475811,56476
ARPC4,616.884331,20518
NDUFB3,1476.385794,41694
RNF41,830.9944359,24972
SLC38A6,961.7509697,35706
CR1,2401.256566,81284
GPLD1,3965.204889,154804
CREG1,3250.947838,108764
SLC22A1,2344.445714,77242
CFTR,4084.234516,134004
TPM1,10263.63823,344950
HEBP2,5092.559531,159498
PDE8B,1740.340496,59022
MB,3904.715077,123490
GSK3B,2104.251293,67710
PCBP3,7046.960783,234618
TPM3,2211.519783,79888
BIN1,3675.82792,110952
NDST1,1733.769791,66876
DKK3,1824.785482,64642
ACHE,677.4169459,22696
PIGQ,2295.223199,65454
MXD1,1384.906413,34950
TOM1,2604.092056,74808
SLC39A8,4137.46472,132656
SH3GL3,3265.649626,102340
IGSF6,739.0448963,25758
SPAG9,3175.566156,122194
PSMD9,2522.327909,82082
GRIK5,986.2725247,34960
ICAM5,1784.638369,51512
CBLN1,6571.134957,233044
ABCB4,2961.95,105790
ALDH4A1,1538.19933,47892
SERPIND1,1939.222085,73994
FCN2,1749.29626,58190
NAGLU,3451.454211,121488
ST14,1007.413827,27272
TBC1D9,3179.414898,100130
TTR,3455.162229,113626
ACTR2,2898.032509,101644
HYAL1,1456.737465,46360
SARDH,4337.854153,151268
FMO3,3051.649501,102604
NAT2,2721.421965,90052
APBA2,3601.636813,119646
SC5D,7713.04863,271274
EMID1,1778.123986,46552
RABAC1,2201.123404,58158
SLC25A13,1161.873277,43630
CYP21A2,1947.73103,55856
CD68,1813.52677,54802
FARSA,474.1144576,14890
VCP,6276.505148,209668
ENTPD1,4505.8,146038
ITGAX,1685.829832,54706
PRKCZ,3184.629916,94740
SLC25A11,5619.153247,175118
INPP5K,658.8753054,19014
PSMD11,1240.176204,40260
AIMP2,3729.647205,137214
MMP8,3967.912111,144622
SMAD9,1652.054313,43068
PTEN,2075.304206,69100
DRD4,2688.95613,82524
LIN7A,2508.975492,78460
ADH6,1740.325483,71418
MPV17,5533.981833,178366
MTNR1B,2235.861442,68038
NDUFA6,931.6524161,27190
F12,3053.002455,97736
SYK,7949.071988,261146
TRIM29,5850.062716,186528
GNAQ,6119.640526,207104
ADRA1D,8232.997122,285684
WNT2,1505.176501,43666
PROZ,5124.816766,157022
CRYAA,1202.160005,38808
AES,1517.390838,43544
GSTA4,3041.721059,101740
RFPL1,755.4590228,25020
MATN4,2302.478811,62884
GUCY1B3,3092.884959,103490
FOXO4,760.3002314,22808
KMT2B,1185.353955,36962
MVK,4138.080955,119368
SH3GL2,10154.85899,357886
PLD1,4292.987671,142534
GSAP,336.4107641,13040
RABGAP1L,7682.31351,280500
INPP5J,712.5104977,18974
AKAP8,1159.723123,30744
HRG,3148.956935,116658
ANXA6,4640.030888,140476
PCBP4,693.1306428,17470
SIX6,3002.908345,85448
HSPA1B,64.1152518,2126
CLCN1,1537.671409,38416
TCN2,3021.21192,99844
KIFAP3,4100.292601,139130
HRC,1667.612403,48294
INHBC,1788.108245,58192
ETV6,5074.777247,171556
GHR,7012.742752,247686
NME4,1660.255048,50186
SDC2,1618.554998,50266
GNAI2,7402.986065,227658
SLC9A1,2269.984162,71472
SNAP25,7543.217991,278402
GLS,2205.412122,77210
RAB7L1,659.9079104,18548
ZDHHC3,883.5846366,24562
STX10,1980.609426,63072
SF3B4,3313.018726,94628
SET,7456.327732,255744
XDH,2503.426226,83558
KIF3C,4587.360671,164342
LAIR1,2733.67173,80524
LRP6,1124.717015,36336
KITLG,5895.768306,200522
ACAT1,4600.745827,143334
TSC22D3,915.555927,26470
ARL2,2501.30676,60878
PRSS23,671.2620799,21336
ZNF197,1669.042554,53988
SH3YL1,2069.674962,72628
UROS,2010.378932,61174
PLEC,621.3988121,20202
FADD,573.4860609,16172
SLCO2B1,4176.313589,131684
ELOVL5,695.2591774,20576
AP2A2,1006.511724,30134
TKTL1,190.7296902,7264
DEFA4,3694.799397,114310
CYP1A2,2761.93991,96610
FMNL1,3313.78439,101672
VNN2,1521.158386,49798
FES,5439.72,155134
ITGB2,2534.667348,83256
GABRR1,3880.52711,141006
CRAT,2531.588151,70630
SLC10A2,3174.886443,103866
RHEB,513.3021595,16446
CD74,1357.365637,40882
RLBP1,1361.541281,40272
VPS9D1,2491.070001,89300
CD14,4311.055347,126998
PAK3,1183.858246,44196
UBC,238156.03,4886148
PDZK1IP1,4483.552188,135268
TCN1,3109.199973,89442
EIF1,433.6717311,12796
ACTG1,1869.229823,46864
EPOR,2856.650314,103062
MAPK8IP3,4279.691234,142416
UQCRQ,2643.102455,75816
AFM,3197.624577,103504
ALB,2406.74935,88440
IGFBP5,3221.337859,106056
VDAC3,2275.299357,74434
BLVRB,10209.09623,310606
EPHX2,4155.82785,140794
FCGRT,6308.443646,186908
SLC1A3,3362.797017,119332
LYST,2150.544734,71218
IRAK3,1118.880857,38410
CAMK2B,4682.15849,163792
TAC1,4750.302342,156652
TPMT,3859.842634,122430
TAOK3,3674.048369,122522
PFKM,3729.571022,118048
APOD,1080.491416,34732
AHSG,4444.718626,148584
B3GAT3,843.0747571,19350
GALNT3,1558.657921,52988
CDC42EP3,2530.975468,88350
DDOST,1493.240019,43696
ADAM11,2504.23096,81294
MAN2B1,2683.788089,65000
PCMT1,782.9772498,27506
MPO,4663.786538,157700
PDE1B,1769.844855,55106
DOK4,719.3828096,18190
C4BPA,3902.916544,132186
ATXN3,645.5240129,19818
GPC5,14983.92995,488170
DVL3,2953.571472,95748
PF4,3836.667256,116128
HPRT1,2486.324666,82892
GCGR,4014.288921,142340
AQP9,5206.239499,170946
GPR31,685.4001882,19274
GSTO1,2619.252283,74274
PLK3,1748.234346,47908
CCR1,1484.799468,44424
PC,3738.882397,114880
CALCA,610.1735826,19922
SNX17,3708.591103,103272
ADH5,2974.011072,97526
TMEM184B,1543.099221,42270
CASP9,1831.856788,47996
MMP9,2463.84652,75778
ACAT2,673.301879,18654
PDCD2,815.2379875,26448
DMP1,2983.136024,111982
MPP1,1844.485003,51582
MAP2K4,3566.145606,122036
LYN,3806.008033,110544
ATXN2,1876.883094,85024
PICK1,1559.207524,39658
F3,4752.29,158798
CSNK2A1,4616.737762,183960
AOX1,3432.355605,107332
ZNF23,862.1481112,28612
SQLE,598.3755324,14650
PRPH2,1037.9,36674
FETUB,2696.567693,101896
METTL7A,828.0562808,26458
HSP90AA1,8159.754027,233344
PSEN2,4022.570943,120004
APLP2,5290.3,172954
ATP1A2,5718.756925,192300
ENC1,2450.937428,87194
GPSM3,2075.668348,55544
MBL2,9445.410659,328716
AGTR1,6286.003817,214818
PEX10,1325.405029,33810
CTBS,1737.658504,61972
IL13RA2,1435.545299,47172
COX6A2,5749.187067,188544
ZNF710,1826.186108,59474
IFIH1,1281.176553,52636
PPBP,3212.001523,95716
HBE1,513.3801307,15422
ARPC2,1407.90125,43544
ATP5I,293.6890078,10042
TGFBI,4305.658809,138674
DAO,8942.25,317304
TNFRSF21,4534.117899,148662
GRK1,333.8720106,9936
HBD,1723.766651,56408
ZFHX3,4103.123829,144964
CEBPE,2840.021744,79432
DSTYK,2288.475518,74904
YWHAZ,6985.439183,203492
GNAL,6188.31789,204258
MGST3,1671.196223,51304
ARHGAP32,1608.226095,58232
HOXA11,512.8503817,17272
SGCG,5236.038679,159474
CSE1L,2511.251164,84100
OTC,2518.685111,78688
CAPNS1,10974.05441,313132
MAF,10514.33808,350004
PRRG1,1861.900778,49472
ACSL4,4410.39,154884
DAP,6322.74431,193386
CYP4F12,2695.475324,89408
DEDD,515.8816618,13688
PDGFRA,5040.411136,192544
CYP2J2,3101.837812,107674
PRG2,2532.146578,82980
XYLT1,10302.90935,352690
SLCO1B1,1593.243939,59740
PPP1R12A,2150.99498,76116
EIF3G,2236.753356,62226
GC,9612.016035,319308
RAP1GDS1,5499.884302,193516
HSPA9,2421.621585,87902
SLC6A7,10826.17929,336286
ADH1A,2842.12664,95470
NDUFB6,1113.25,35474
LST1,4088.167808,127420
RNH1,1903.572741,57674
YIPF3,3039.503339,84920
ACSM3,5311.9,155374
TIMP2,2306.437727,68448
DYNC1H1,3984.667262,116806
CYBA,1760.012931,58016
PF4V1,2848.557114,92818
PGRMC1,2605.586709,77364
IRX5,1748.066164,51430
CALU,3042.334468,97514
GPR68,2391.317566,76876
TCAP,1059.437015,28656
LIMK1,1032.63679,30046
APC2,1769.494159,64274
PDE4DIP,5808.080105,199234
MT1H,1649.862329,47754
MAGI1,8728.445812,323740
RNASE2,2367.521589,81808
PHEX,839.9192214,32870
HRSP12,2796.363042,89750
RFX1,1256.110738,34970
FBXO9,2356.173467,80226
PRG4,2674.507792,91464
ZFYVE9,1575.423759,56918
CSPG4,1483.653038,41810
ZNF428,1592.855196,57748
HPX,2835.859892,92184
PSME1,1943.421181,46274
CYB561,2868.008691,91802
CAPZA1,1080.542726,32380
KHK,1910.579264,74332
AP3B2,1779.118743,61038
AMPD2,6235.519571,225490
PTPN21,2925.998356,101272
VDAC1,2265.678886,75138
TRAM1,1485.446921,54406
SEC24C,4080.397663,122442
HCRT,5104.087708,164118
AKAP6,2934.917058,107532
THBS3,1417.001652,40256
PRKCB,1906.996402,60958
FKBP1B,1016.336484,34482
GPR116,1674.38616,58386
MKRN3,1206.384831,40360
HPN,4509.034221,138466
ACAA2,1437.978687,47646
NIPSNAP1,2132.581298,74358
CD36,4816.137781,160388
SEMA5A,2593.95,99578
WDR47,4046.900843,129406
MATK,2463.070551,72894
RAB36,701.8493661,20330
ADRA1B,3837.088049,133262
FCER1G,6211.236555,207830
NR2F1,2400.564143,76310
SCAF8,5752.205781,193930
RANBP2,1583.718847,54316
DAD1,1397.314253,39388
KIF25,615.1696781,16056
ACTA2,1429.061718,50176
PRAME,2371.35606,56364
DGKB,3432.691118,121556
TCF4,9202.76,317440
SQSTM1,2867.284925,102426
ANK1,4291.009937,143532
GAS1,1876.957829,60484
ADORA1,1620.55635,53508
ESRRA,546.7809659,14660
APBB3,1582.220329,62380
FCAR,1033.465947,34430
LGI1,2927.159177,99942
ABL1,7106.723685,225088
KRT9,5281.754851,160612
PRKAA2,3724.456213,125066
CAP2,3841.565851,131002
SERPINB1,4908.137723,156274
NCF4,3319.329076,111216
HMGCS2,2450.717112,110040
CDK5R1,1918.148458,77580
AGRP,1376.900878,34974
NEDD4,3278.823618,96578
TYR,4836.964687,182038
STK11,2966.73052,87632
SEC14L2,2008.950384,63034
MT1G,4299.203378,111570
ST7,1967.289634,61618
BACH1,2429.297617,80510
GCA,8389.116709,268846
ALAS1,2903.246178,77162
QPRT,1564.124969,48934
NCF2,3749.712577,118000
HSD3B2,2918.820338,93674
PSMD5,1738.15388,52588
MATN1,971.4275928,34524
CPS1,10652.3793,365128
VPS52,9373.14,302458
TMEM109,1703.590694,55654
UBE2J1,848.2736043,28186
GSN,7409.203326,234372
PRSS22,2988.218074,70038
RTN4,4075.023344,134372
GFAP,2311.580538,76646
ACACB,2764.089232,94506
GABRA3,3624.689639,118422
BIK,824.28501,24518
AAMP,1883.202361,54344
CLN3,2802.035153,98948
TCEAL4,2259.247655,69998
SLC30A1,1874.644137,55446
PSMB4,958.2647371,27048
HSD11B1,2277.70093,71752
RHBDF1,577.40228,15508
TNC,4247.655353,145056
ACOT7,1282.719736,40660
PGM3,212.5367883,6894
CLSTN3,2502.120909,72554
MPPED2,2353.508705,76268
PCCB,2696.89,85660
PTGFR,2542.561132,85656
PROX1,8677.706038,308600
HOXB5,473.6015769,14438
NNT,8084.344151,267322
MARCH6,1570.112567,54440
THRB,6275.995124,218262
STK24,1633.339489,56678
MEGF9,767.9497785,28908
PSG9,814.5396111,29740
NAPA,3890.090485,123782
SHC3,1836.353084,57520
BNIP3L,3658.257501,117254
CYP3A5,2549.262592,90356
S100A12,2092.493767,63488
SPTLC2,2137.868763,69098
ATP6V0C,3968.334959,117126
CHRNA4,2207.232786,70158
AVPR2,1978.882725,74028
LZTS3,3494.2879,115568
ZNF117,557.091663,12428
CTSB,3759.516242,131320
CA1,2307.986362,72292
AP2S1,4581.195081,141248
PNMT,1152.75515,35274
CNPY3,970.3271361,27792
CTIF,9508.693187,330612
SLC30A3,3187.053221,98462
SLC25A4,3157.722647,117402
MALL,1013.532562,28324
WWOX,3537.362138,114134
RAP2A,2140.545958,68834
PRKACG,5414.634069,167330
CACNB1,1977.399834,73304
HGS,2457.659143,65282
ABCC10,435.4958521,11986
LY6E,1814.6618,45080
SLC6A1,557.9052251,23520
LSAMP,8750.58,297858
ALOX12,3844.732405,117198
KIAA0556,2220.958082,72368
PSMA7,1310.610057,35672
GRIN2A,13069.04389,439150
TUBB4B,636.003372,17672
PAX4,834.5351383,32030
FYB,1739.478588,51260
SLC35A3,1566.943378,51772
ATP6AP1,2345.61679,64076
ATP2B1,5512.24994,195180
FGR,4134.040707,128502
TNRC6B,1012.459003,33942
EEF1A2,5422.508371,196648
HABP2,16335.78982,508430
PLAG1,499.9473901,17280
GLIPR1,4708.933239,170384
SLC15A1,3780.127822,146644
DCTN1,4319.873931,145574
DCHS1,1394.500889,46168
SKAP2,2987.425697,99076
CACNA2D1,4145.050922,136750
ZNF274,648.270442,18960
RAB40C,1141.949516,31388
PAH,9108.680875,329182
PBXIP1,662.1810293,18434
RAPGEF4,1439.621011,54078
G6PC,2497.179454,89592
ECM1,1189.089717,29190
HLA-DPB1,1546.524275,43662
ARL4A,3755.013783,108762
GP1BB,5904.745838,176160
SLC4A1,4241.044304,142530
PYGL,9413.040099,298308
ITIH3,1840.03979,62594
PROS1,623.2275543,20448
ARF5,3322.121388,84632
NAGPA,4618.803144,151236
TUBB4A,836.0943981,24442
ACTR3,7540.633712,253604
NFYB,473.9704776,17890
LEPROTL1,1116.250687,32198
DKK1,352.187786,11710
CD63,3012.207289,88174
SUOX,3881.41009,123610
FICD,3707.944499,104274
IL11RA,891.3125985,33002
KRT2,5504.552104,169252
BNIP3,4437.840567,130398
TUBB2A,5078.584734,144560
POLR3C,1720.121168,52440
TACC1,1984.846077,67436
CRHBP,2446.121176,78556
ABCA1,1323.844137,44310
FOXO3,2246.9853,65950
SHBG,2205.381442,78452
COX6B1,5094.350671,148898
PHYH,2723.891573,86002
FZD5,1770.075328,68864
MCF2,604.6897053,21590
OS9,3820.993909,105974
CELSR3,799.6941645,22482
GUCY1A3,401.1939423,15234
GCNT1,2866.973489,92878
SMAD7,2012.264909,61580
ADAM21,2816.434083,82624
CCL27,1693.69576,51026
RAB32,2469.520743,83188
UBE2G2,1236.073356,38882
PAGE4,1918.588024,62358
PSMB6,1584.402907,48426
RPL23,1003.592987,32400
SLC12A3,600.0768874,19324
PLLP,958.2678079,36424
COX5B,2484.443944,75504
CD52,1447.301684,48016
OMD,2186.319322,65572
RCAN1,3012.232806,96718
BAK1,1054.635609,28538
RIMBP2,4945.59757,198378
ADCY9,5126.267716,164874
SPOCK2,2819.98346,83902
SLC25A5,829.0654972,20290
PLXNB2,2897.418709,83792
IQCE,2275.072537,74014
HCRTR2,3676.743969,129316
CA6,2782.693873,70166
DECR1,3020.460948,84690
KLRC3,710.6315672,20422
BDH1,4443.99222,168376
INA,7375.606452,276434
KCNK1,2882.369668,108762
COX6C,4201.909849,141674
LAIR2,1058.597207,31224
HMGCL,4831.053334,136774
GPX2,1909.786195,55978
AKAP12,2405.201072,80216
NR1I2,3439.356926,128752
SIPA1L1,9101.731046,325520
GYPB,2386.347382,81788
NEUROD2,4495.804204,158790
DISC1,1498.676967,43540
CD47,3205.260344,112954
ATP4A,6924.280891,212474
RUSC1,5507.2,186592
NECAB2,2116.151406,56104
EPM2A,3063.23061,97136
PHLPP2,1137.32787,38990
GNA12,4216.83,142374
ELANE,2496.994814,77324
HPCA,2625.530359,80494
ADRB2,6924.646114,226826
MAPK13,836.8245577,24688
CRYAB,3910.250772,113452
NAT8,2368.009614,72788
CCDC9,4585.901827,115334
MMP15,2815.270805,97626
XYLB,1434.713084,50908
RAMP3,2181.91,71280
ASIC2,9131.165188,294550
COX7A2,4205.445053,129654
TTLL3,1430.468603,38362
MSC,2334.85947,70482
NPHS1,697.8829156,18988
CP,1524.739157,52714
ALDH5A1,1240.727719,38750
CNTN6,5426.291047,183198
CES1,2495.237341,79534
BCL7B,2825.417522,88254
GLP1R,856.3205963,30156
MYOF,8685.35,314828
PDXK,4373.432489,132108
RER1,617.7160735,17654
ALDOC,1345.218764,37614
PRKCG,1195.377348,40888
FCN1,3012.670752,104696
PPP2R3A,4791.556179,163046
PRKDC,338.4805939,10698
HK3,1386.975693,44438
GRPEL1,7573.909964,264626
HDAC6,3271.835643,100896
TEKT2,3219.3201,90750
PPAP2B,3272.288171,116628
SSH1,2171.762062,65684
ENTPD5,1171.779778,38904
SFT2D2,393.5869812,9330
SENP3,302.7071971,7468
MYL6B,2478.385669,60086
LPPR4,12282.27385,394386
UCHL1,4231.681279,151488
PMP2,1228.747704,42450
FAM32A,4999.339383,162928
B4GALNT1,728.9639195,25042
ALDOA,3414.698314,100640
GCK,1855.557264,55842
NPC1,625.098155,16680
TMOD1,1639.913012,49980
TGM4,1439.698173,40832
UQCRC2,2175.971828,65936
SI,3317.474819,104388
KAL1,394.4474918,12242
SMARCD2,427.2070803,10568
CFHR4,1314.432659,42816
FDX1,2369.147152,67150
BARX2,1870.67815,57246
CYTIP,3293,100010
BLCAP,4115.014086,129642
ZNF132,238.8235967,7570
C8G,1430.630675,50792
CHRNE,1377.555624,45110
EPB41,7197.967539,236562
SLC25A20,2915.399672,83304
GALK1,1658.210191,64032
MSTN,600.9428868,18936
CPM,765.1855845,27658
RIPK1,881.7743576,24462
SFMBT1,560.2845074,20330
KDR,3163.48388,114610
CTDSPL,6543.386519,215074
EIF4B,1182.17533,35072
RGL2,3396.759071,102236
NPR3,1977.0049,62308
GALK2,2217.264286,66170
HOPX,390.7968174,9150
MAP1LC3B,1381.394208,37350
B9D1,803.0894224,29952
EREG,1257.38247,43764
MLEC,794.7466079,21172
HSD17B10,4842.501143,142278
LAMA3,2173.119341,66388
KNG1,3560.384161,132206
IFNA16,10425.52,352260
S100A4,1231.223255,43114
FOXA1,5430.391655,171316
SOSTDC1,3829.572448,135590
CAV2,573.9508575,21692
SREBF1,520.433741,15400
TRAF6,2990.846441,82774
MYLK,3364.17792,114262
TMEM8B,529.2452379,14702
LHCGR,9921.84,329140
CSNK1E,5902.66,168028
DNAJC4,970.6797682,26444
NTSR2,13974.44519,404430
SCAP,2162.9,67550
ACTA1,2749.759452,90818
ADH1B,3950.040162,130488
STAU1,3472.525812,122104
PCYT1B,219.4661408,8186
FCGR1A,893.2093399,33368
NUCB2,2766.90626,81186
NRL,1772.583891,62372
RIMS2,1957.279495,76820
DYRK2,5001.196973,170462
PAFAH2,526.7404238,16082
EFEMP2,1973.657362,56048
ELAVL1,1622.910595,53522
CD40,4045.287462,145980
CDC34,807.4380271,22514
AGT,4663.162344,146452
SCAMP3,4319.230018,119954
SLC17A4,1471.128813,52366
CPNE6,3213.997689,103760
ASPA,2158.24,70032
GK,1787.346853,57678
PIN1,3552.778167,115590
BAD,3642.400198,112760
SERPINF2,4692.102592,154888
RPL19,1257.544767,35314
AP4S1,3577.07189,133204
NDUFAF1,3354.703634,110824
STMN2,5124.902128,181052
MATN3,804.8923305,22188
PSD4,1591.687051,57140
GPR162,3072.954186,113334
PPP2R1A,1547.421728,44748
SNPH,770.5514804,21910
POFUT1,634.325081,22942
CTH,4947.199294,173642
GNA13,1115.085713,35332
SYNGR2,1038.220168,26652
BZW1,7815.680707,284756
MAPK8,2110.150596,68202
PTPRN2,5991.410976,194306
KIAA0040,2846.75,93724
SSTR4,3516.153576,114954
ZNF189,801.9231366,21170
IFNA10,5127.655387,168562
RPS6KA2,2211.23,82034
COX5A,4975.894358,152094
CRISP3,1358.032105,37968
DACH1,8129.800387,284774
ZNF516,422.472359,11370
CEP290,136.4987659,6242
TFAP2B,4004.866057,132492
PSMD13,1113.482278,31112
STK10,5074.92184,155898
CA11,1807.638267,48666
SMR3B,1803.254496,55804
TNPO1,2854.229834,98344
AMT,4838.109849,140612
NDUFV1,1750.824158,49274
TM7SF2,1265.339689,33422
HSPD1,745.8178797,21978
KLK1,1720.582265,42400
PRDX6,3811.756982,116732
PARD6B,299.815942,9838
SLC1A5,1111.714288,26820
CASK,1395.437101,50660
PMVK,879.7766029,22002
CDK18,1205.150197,34180
SPINT1,2140.286912,63350
HLA-DRA,4233.024452,125430
CD33,2523.666773,76606
LCN1,697.7660501,17494
EI24,1019.501809,31868
GABRG2,2888.961524,101024
USP46,1041.289404,38782
ITPKB,7895.439897,261554
BFSP1,878.9996807,21098
MYF5,1705.524486,56882
FCGR2A,853.8229486,32534
DENND4B,2135.941246,82698
C21orf2,709.5821333,24204
ARF1,4194.748621,126082
PCSK1,7877.033628,273318
KCNK3,2478.7625,86146
CYFIP2,8977.623481,311928
CD34,4538.628259,140036
SDHB,3505.24719,105802
SKIL,2393.220075,78590
HK2,1200.582109,38168
ITIH4,2305.337951,73234
CRABP2,1723.461162,53388
CHRNB1,604.6707974,16338
GRM8,1217.242233,46542
S100A5,1129.396415,28308
SPN,2376.105486,71830
KCNA5,4805.318244,168104
GRM4,8838.569798,318950
FTH1,687.8119423,20034
DICER1,4018.280213,142414
SZT2,5014.305526,150730
TCF25,596.1231672,22698
IRAK1,1700.607335,47760
SKAP1,10295.3713,353132
RRAGB,1052.357576,30838
ACOX1,1599.66841,58126
CTNND2,13511.47903,451618
KLHL4,736.1416653,25148
MYO7A,1588.906886,51904
VTN,2183.463581,69412
FABP2,1363.889949,44582
PRKCE,9023.746397,330640
CYP11B1,1257.957673,39450
CYP24A1,2013.252286,60252
MYT1L,1957.680451,67440
COMP,1622.734166,51728
GPT,2998.008308,98380
BRINP1,639.364392,22238
RIPK2,1357.945361,38136
WDR46,2478.491243,65738
IGFBP1,2976.490771,98186
FADS2,2613.414974,76924
GPC1,1429.617527,41992
AOAH,4553.758823,138544
THPO,741.5418204,27166
P2RX4,4392.938017,133218
NRIP1,3247.611256,119756
DSCR4,2033.575401,55870
S100A11,3166.517753,84740
AANAT,5278.492321,142370
ATP5A1,3805.889016,111110
CYP2A7,2996.677927,89494
CES2,1897.486308,56692
ELK1,584.8778977,18010
UBE2B,2293.729478,75480
SPTA1,3907.611675,136712
NF2,2410.6301,83452
ITPR1,5073.756887,169118
MNT,1296.074091,34066
AZU1,3166.315618,92400
PYGM,3910.22,106122
SLC35A1,2748.902706,76206
MAPKAPK3,5485.938704,170766
LPL,973.219475,33390
IQGAP1,4377.06,143528
KLF9,3891.257527,138338
STX4,4606.562701,153998
MNDA,8668.408937,247336
CDH12,5425.173982,202984
CENPB,1188.745372,31818
CABIN1,2235.055549,106152
CHN1,3446.9978,109446
MTUS2,2611.20369,84426
FOLR2,1107.146026,33060
UBE2D1,3845.612119,113832
MS4A3,219.4358146,6902
CITED1,625.9983288,16444
MTTP,6640.26,228988
GSTM5,2991.858461,96432
MUT,2445.532844,79936
IDH1,5504.042096,183560
DFFA,657.1140674,14582
PRDX2,1510.145638,42268
ADD2,1533.758706,56210
OGDH,7330.086336,220676
NKX2-5,2033.246547,55270
ISL1,16460.86547,501970
DIAPH1,875.7513658,25754
UROD,4171.290467,117770
TSPO,5836.918249,178658
ZFHX2,1289.823154,46736
C14orf1,1152.559647,36190
FOXF1,5076.677994,149098
UBB,3090.389156,96242
TNK2,2978.15756,93688
STX11,5092.608611,167704
CPA2,10513.30153,282066
ATP6V0A1,4964.785678,155942
GCH1,5346.448731,174872
CFHR2,2957.620128,110532
CNGA3,1863.371508,72626
MADD,1231.19779,33968
CAMK1G,3396.852134,116968
ABHD5,5080.337578,171468
EDIL3,5761.695997,199308
TAT,4686.311493,154560
LGALS1,2250.568446,66658
CDK10,415.9785598,10986
NUBP1,1135.456717,33342
ERBB2,2224.67902,67150
TMED3,4455.688349,124186
ABCB6,1039.887061,33332
NMI,2559.010106,69788
ENO3,1889.922354,51616
ALCAM,5534.575077,187614
CASP7,709.4383335,20738
ZBTB17,3976.58567,160012
ARHGEF16,2212.128355,62514
RUFY3,3359.925033,114312
ALOX15,2081.406084,65300
PPEF1,1683.387266,58754
FDFT1,2124.499608,61788
CALB1,970.6125222,35310
GABRA1,3969.714612,131586
S100A9,2687.436301,89146
APBB2,6031.072678,212542
AMFR,6818.77,213764
ACTN1,4987.050214,157944
RHOA,1972.345051,57184
C1orf105,592.0651863,17844
LPA,1916.435911,67490
FAAH,3223.020418,97762
PHGDH,4373.347279,142126
VIPR1,1995.014002,64968
BPI,5278.710516,161152
SYP,1361.605935,46628
CCNH,1657.841226,53822
C14orf132,2991.421784,118166
OPRL1,1515.56414,47102
ZNF35,1578.342552,48138
CNN3,3732.065244,121162
CDO1,2442.282041,83334
PRTN3,3136.357408,86866
RNF19B,3086.181104,91908
PROCR,975.2022374,29330
PPP1R37,207.1723348,6050
MAPK1,4235.65649,134802
KRT33A,2209.5663,63042
EMR1,1473.91364,46438
DHX9,962.0666002,29012
SLC18A3,1616.702022,47814
MYOD1,1440.65801,38170
UBA1,4775.213861,127272
PPIF,4030.800828,115924
ACTN2,2729.050177,88306
CBR4,2137.975428,77650
NCDN,692.6664083,19786
FUCA1,1695.406844,53104
NPHP1,1471.336474,47474
TUSC3,4960.120864,186238
CTRC,2627.445367,79768
OAZ2,2548.996784,76726
SYDE1,3124.276242,88352
ZMYM3,597.1675181,20600
DDC,2896.375865,85578
PEX6,1032.086183,30050
C3AR1,1369.402196,43308
APC,15503.00638,614906
ALDOB,1923.581213,68468
NPY2R,4722.662101,165642
SDF2,654.2045053,16846
GTF3C1,4086.57,108292
SULF1,411.9115088,12488
TFR2,1731.336143,63222
TWF2,746.8712575,23140
ATF3,1579.539505,52368
MAN2A1,4045.900474,131672
GLDC,2419.366982,74060
IBSP,4402.884565,135270
MICU1,1914.796149,65172
MMP24,1205.999949,36298
CACNA2D2,3930.460621,107840
NDUFS4,3371.185843,105924
MAPKBP1,2523.219376,110104
ORC3,1114.847747,36686
PTPRE,2169.872064,69580
ODF1,5303.498513,184186
PPOX,1473.374765,51792
SLC11A1,634.9034726,22570
GPR143,1823.109129,55788
ACADS,4699.831918,170300
PMP22,6875.575303,243030
GUCY2D,1195.197541,34624
SLC35D1,1149.723382,41854
PDLIM1,2831.930114,86482
RGS19,1450.964133,48400
REM1,6575.21,191478
CHMP2A,6579.07,205124
ATP6V1G2,1282.99123,38810
FAM105A,1205.007887,40474
TEP1,639.0249333,16332
MAP3K10,4207.046067,127478
MCM3AP,1762.964872,54136
PSMD8,3415.247591,95868
IARS,2888.456961,89586
EDC4,2613.872461,67282
ST8SIA5,1723.425019,50722
PPFIA2,7021.864032,250958
C5,4683.445341,154896
ACP5,2462.46,75064
PET112,14222.30314,451896
TUBB2B,846.8619752,20260
P2RX1,1568.862793,41950
NT5C2,7542.90138,276778
TFRC,3365.302255,102586
PRR4,2010.053618,58470
TM4SF5,5822.124611,183032
DHRS1,978.4913183,28592
SDHA,1430.050136,37724
KRT83,738.8543581,20664
PSMF1,1883.151453,57944
HOXC4,2142.98,63354
ZYX,1844.979086,55668
MGAT3,3240.185163,89480
KRT31,3371.991442,100026
ITGB6,3312.832529,114812
LAPTM5,6593.847063,201788
RNASE3,3981.498661,125180
C2CD2L,1313.336945,44000
EXT2,1787.500715,54456
TARDBP,1171.179419,34046
SLC24A1,98.29939672,3586
GLRB,2928.987572,102644
DNAJB9,3594.505809,120812
TAP2,770.637077,24794
IFITM3,855.8795967,24310
TRAK2,3072.6,101712
PTPRG,3905.49786,152210
LBX1,5541.24,164382
APOM,1301.758175,46790
MXRA8,756.0403782,20442
LHFPL2,2483.26022,97958
PEA15,1189.882883,35504
DDO,787.5911875,24276
ATP6V1C1,1287.477857,45626
ATP2A2,3734.033548,125280
DDX51,1271.203793,36304
MYH7,3080.356357,88564
RHAG,2166.309443,64634
GALE,1970.145492,52994
ADRB3,745.7808469,22992
ADAMTSL2,4113.176029,123714
HIST1H2AG,45.2734333,1350
FLII,1902.49,53972
PRLR,1843.487878,65708
CH25H,1342.177505,44660
GPR176,225.7529632,6144
ELAVL4,2901.825983,100242
EPX,2572.474765,73122
CD40LG,1914.51039,63014
GRK6,1617.268649,53972
MYO1A,1713.601411,44614
ALDH3B2,1824.539141,53248
ZFP36L1,7397.537236,253236
PDE4D,7989.166399,272106
NSDHL,875.7080384,23500
GH1,1329.30755,39362
CDIPT,4198.696248,103776
ATP1B1,2447.99356,83794
DAPK2,2299.657745,74612
OR7A5,980.4369288,31252
ARF3,1116.289843,36288
CDA,6953.928315,192092
CYP11A1,2348.679758,75840
ZNF384,752.519177,28620
LECT1,2739.55326,94304
SORD,1960.55578,59808
AGAP2,1314.323775,46508
MTHFS,6423.287732,224696
STAR,4567.105527,149812
SULT1A1,2066.249132,60254
E2F2,4667.441011,146274
SLC8A1,7313.374316,248864
SYT1,10135.29469,340028
SEC31A,4721.981202,166142
TBCD,2206.911787,87958
CA2,2669.52084,94562
KIF5A,923.3005159,34972
SCG5,3389.943211,110020
SUPT6H,2135.667909,68642
KATNA1,642.570036,21824
GPR15,930.2036758,29148
C6,4807.543121,167654
MCC,2758.836392,88864
TMEM187,886.4340442,18946
SLIT1,1952.978131,67042
MDFI,2277.133656,68994
ANXA10,4046.428132,140410
GPM6A,9581.35,322374
EDN2,5821.98058,158218
NELL1,7600.586338,261150
APOF,1088.037769,35754
TYROBP,4865.756015,172928
PPIA,618.6662727,18408
SSX5,295.0275379,8568
ALPK3,1205.311989,34866
TENM1,2087.704534,74082
YAP1,2324.520499,73894
ARMC6,1385.677131,37960
HINT1,3253.04,104990
YWHAQ,3208.21,98878
RAB3B,4731.038041,161216
CHRNB2,3127.359969,100974
YWHAE,2992.51,91898
KRIT1,271.3913015,7424
KRT32,2149.713274,62352
URM1,991.7986358,28560
NKX2-8,1346.843932,46956
KRT15,3417.485569,113834
BRS3,4992.68,171598
GABRD,1703.708199,55420
CYBB,1668.636101,58946
RALGDS,1327.336515,37534
PRKACB,3456.818801,116746
COL4A4,422.5219215,13302
ALG13,2315.884498,83064
CTSG,2737.363282,82418
FCER1A,2043.157124,66976
TK2,874.5144095,28954
NKG7,3542.895488,105168
NEDD8,4156.003337,111214
DGAT1,2871.489898,74546
CDC42,1277.335256,39558
MVP,2294.226531,61012
USP15,4914.302015,164068
PTGER1,820.1241276,25056
SPAG7,1318.35935,34574
SLC22A24,2929.835466,89512
GRB2,9110.726856,346368
TRIM58,817.2375332,25414
GCG,2561.219427,78534
ARSA,3456.907575,94012
PPM1H,129.7814136,3900
NOL4,3337.154663,125794
HPGD,3129.66257,93990
SDC4,2054.947766,56896
PTH1R,3574.531367,111124
RAC1,914.0876784,26854
MAP3K11,4731.47357,148138
SRGN,1918.153541,58382
C1orf95,296.7841722,8538
MAST2,1035.851689,41220
UBE2E1,2446.69,79784
SYT5,928.1938435,33122
ALDH6A1,990.650987,27512
ATP5L,1243.134449,38354
HAX1,3725.745485,117726
PNPLA6,2345.404535,80280
BRD3,787.4686753,28590
FGF8,2166.989751,75580
DNAH7,1702.13826,58060
PMAIP1,900.3358348,29690
HMOX1,1784.196616,51848
RSAD2,489.682248,13884
ZZEF1,2072.510456,76348
APAF1,3805.791592,119026
STK3,2467.499289,78918
SLC4A4,6546.274963,261162
MLLT11,954.9978438,31708
ATP6V1B2,1836.306194,61478
AKR7A3,1408.489695,37128
CRTAP,3703.631847,123702
TNNC2,1300.887484,35152
PARVB,1659.167244,51210
CYHR1,489.9742788,17358
GEM,1124.063302,33362
IGBP1,2010.981268,58748
SERPINB7,1328.851901,47124
APBA1,3851.270875,120052
CCDC86,3090.273805,104362
CRP,3059.811044,105986
ATXN7L1,4261.74138,144334
KRT1,3003.2471,94896
CCNA1,2800.106747,98754
IL7,3762.66653,132944
MC2R,1794.514334,63474
NOL3,1563.359203,44482
UNC119,1317.431509,31214
PLAUR,1963.591099,58966
SNX3,2135.267383,65196
GPX1,2917.767154,84416
ZFR2,113.4784237,4008
DOPEY2,1132.838928,38798
PDE3B,676.3323895,20632
F2,1019.99087,38602
AMPD3,949.0704312,28076
MMP3,2805.11447,94742
ANXA3,14525.86242,474966
PGD,10889.08291,347016
ELAVL2,3757.01565,124872
CDSN,1009.76458,23852
GPRC5A,3247.825922,100536
PCCA,3997.070198,130002
CNP,1077.807414,30008
PSMC3,3330.418846,109010
CD69,1847.013319,48014
CFI,2341.354677,75022
RAB6B,2438.425225,91272
DEGS1,1988.122506,62604
FMO2,3119.266523,92970
ABCC8,2573.73,97130
BBC3,538.69912,13860
HOXB2,1302.571439,31238
CDK9,3538.6,99952
UQCR11,3033.53,88714
VDR,1807.23404,59254
PPM1D,355.851165,10134
CDH17,5286.50873,172372
MCF2L2,1407.654092,56430
TMED9,1552.201531,46596
CHRNA2,5161.667618,161344
SEPT2,346.2174884,10236
TIMP4,8263.43,251290
ZNF536,6201.151097,225294
UTY,213.4799656,5748
ALDH1A1,1525.51004,52396
CTSH,4500.158457,155550
CYP2C19,1913.307066,62618
LGALS3BP,950.8880508,25432
CYP4F2,2673.786875,93088
MAP3K7,7798.105517,267486
HLX,2638.430199,77592
CAMKK2,3459.977395,98512
HGFAC,1336.227725,45230
CHI3L2,961.1627442,28596
NBEAL2,670.3049516,22296
T,3857.492521,110376
KIAA0513,4284.139884,137028
ITGA2B,1669.562049,58334
TMEM159,752.1931047,18998
FTO,832.5182803,20436
KCNS3,5003.2,162962
LILRB4,5107.632162,141066
B3GALT4,1021.977295,23772
TCF15,1205.131163,36070
CAPN3,3990.477,109214
PIEZO1,1023.062499,24764
GRM2,4015.011315,136242
HERPUD1,2698.846458,74150
RBP4,2500.619863,87914
COL18A1,5189.671104,232214
PRPF18,1791.37299,59772
SERPINI1,1647.100108,54040
LTA,3459.944875,103100
CBR1,3382.798609,115362
TRHR,3067.36,107104
COX7A1,3330.630909,96554
SRI,2416.705364,76990
MCF2L,1140.711155,42716
TRIP10,2400.081093,66190
MPP2,1840.165544,61504
HCRTR1,1871.707941,60822
TRIM26,2827.231492,78238
TESK2,1753.733758,61548
IDS,4386.882492,151272
CLIC5,3130.401536,96306
BCHE,4906.846439,174258
XPO7,2539.508488,79402
ALDH7A1,2612.566333,91104
DOK2,7576.297398,229826
PTS,2864.849624,86768
CST3,3180.999465,83290
LRIT1,1543.703201,48518
CYLD,311.0041471,9408
BTBD2,2387.681725,74996
BCKDHB,3553.356068,127256
ZNF507,4095.26,136800
APLP1,4485.974118,136854
BSG,2552.186636,76314
MZF1,1835.262692,79756
IKBKG,2720.773599,66654
ACADL,1797.088426,63990
CCS,6617.39,207556
HMGCR,2333.112661,74636
SPRED2,1608.93656,62008
MDH2,1277.595407,48844
SV2A,2088.008417,71836
SPINK4,3074.605658,93206
NACAD,1376.195119,40240
SLC12A5,547.7053775,20190
GYPC,12454.80002,373788
MBP,7264.483549,228510
SKI,4297.715346,140694
AQP3,764.4671833,18680
TP53TG5,2392.313622,65546
MICAL2,4127.975059,143202
HLF,4530.249363,168978
NLGN1,5527.225167,212262
PMCH,390.6745764,13526
MST1R,2854.262515,76232
KRT13,947.8073511,32660
ACO1,6195.477194,198396
SLC22A6,2801.418426,85942
KIAA0125,207.1267203,5390
TNNC1,1769.666031,50262
OSMR,1424.482899,47760
LGALS9,822.8103529,19946
CAPN1,4263.131747,128206
TSN,3483.41844,112180
PLA2G5,2421.93772,84738
ACSM2A,537.1367556,21106
DAAM2,2322.483345,69720
UFD1L,797.8767127,22342
MASP1,3137.483238,115636
RPL12,1252.643457,31306
BAG6,2873.861014,100178
CACNA1B,3764.481724,111480
LHX1,6478.858088,213734
ERAL1,1104.509945,33450
RFX3,3406.634379,111700
C22orf31,9302.110564,272222
HMOX2,1737.612268,52128
HMGB2,2799.559498,80538
TELO2,3257.417768,143386
HIST1H1D,567.7973422,21124
KANK3,571.2283812,15554
KCND3,4408.889096,168328
GLI1,619.1042874,17160
FOXO1,3164.736652,95246
GIMAP5,1057.645882,33416
MMP7,1959.001897,58654
GRM3,1861.271725,59400
PSTPIP1,4994.321221,166830
AHR,7366.297424,253298
F5,2744.046084,99766
CYP3A4,964.6267649,41214
GTPBP10,345.1975039,11964
DPYSL3,2102.82,71492
MGAT5,9728.73147,364418
PI3,1430.489283,47870
KCNJ4,1330.873513,44912
TIE1,1473.463318,46922
CDX2,1151.79002,33798
GRB7,4201.265311,134098
FMO4,7490.299081,256386
DDX6,3547.637266,122194
GNAI3,1097.085555,40432
OXCT1,763.7425657,25980
COL6A3,2144.560456,67366
MBD3,930.781179,27208
TP53I3,991.2977496,29188
ZNF423,2980.029188,91828
IAH1,438.8197115,12608
CGA,2707.624267,85672
DAAM1,6322.863609,225400
AXL,2345.8,79460
TSC22D4,1375.363737,40102
TARBP2,3426.324129,132062
ZNF593,1196.298457,39364
SLC2A1,9727.245404,314084
USH1C,2948.707932,95380
DNPEP,1968.332249,58734
IRF6,2515.97251,79902
RASSF1,1161.342521,33616
FAM127A,3430.835867,110500
SPOCK3,6214.683369,244032
LCN2,1228.496779,30098
MIOS,118.6719337,2754
KIAA0907,678.5006554,21348
GRHPR,5025.067166,163860
CEBPA,7423.299402,241240
ASIC1,1896.841171,71810
ATG9A,4793.804794,136412
IFI30,1910.158108,59336
UBE2I,1836.078719,60902
GDPD5,2006.248224,51324
ERN1,2341.293431,59668
MPL,1747.932633,54012
RHBDD3,1249.808611,38592
CRYBB1,1287.514787,39118
DNAJC6,3311.637563,121630
DGCR14,1441.238636,36638
TSC2,5137.126252,211476
AJAP1,332.5023965,9780
PLN,608.9439836,19892
FAM189A1,200.4396436,6172
CLDN18,742.2745908,25766
PEBP1,1268.15329,33462
TMEM186,985.6219561,25370
DRG1,1153.582179,31236
PPT1,1299.757538,46320
RPE65,3208.731312,100780
PVRL3,5939.401946,223016
CKMT2,2717.393923,81874
TRIM24,2859.328669,106118
IL1B,1571.347555,43726
SERPINB2,1459.366796,46424
DIO2,2118.585486,71500
CALB2,4067.595109,130602
CPVL,5821.436755,207280
MYOM1,7355.440549,234172
TRIM9,2571.42068,81098
SLC9A6,2770.66722,93670
ADRBK1,4427.06207,124854
HAP1,2432.476996,72724
TET3,348.7784529,9524
PCDH8,1620.479959,68302
KCNMB1,751.3129505,18818
SEMA3C,3148.58638,114884
UBXN2B,91.97719722,3060
GRAP2,728.5361869,21902
CTSW,1604.759666,45348
EGFR,10624.1974,334906
SARS,3651.89,119988
HEXA,5640.52999,190464
FABP3,1276.303526,35952
ADAM17,709.4741878,25648
CYLC2,12943.6114,396754
SRPK3,649.4815603,15920
IL13RA1,1089.326192,34252
CCDC69,402.1693473,11176
CRCP,304.859487,10132
CARTPT,4092.963931,144876
TCEAL1,775.1876229,19438
ZBTB7B,1246.561375,31586
GRM7,5757.891005,211060
ATF5,735.2312538,20032
TAF1C,285.5703437,7532
BRD4,1057.155811,30402
MAG,4813.182723,150532
HIST1H4I,662.0466853,17610
CTSS,1932.344132,64776
NPAS1,2551.347804,77270
GAL3ST1,1500.378211,35942
CPSF1,333.8485919,10846
DDN,2951.380212,83168
SSTR5,2212.459617,59588
ZNF75D,1469.194303,43836
MAN2C1,1977.92,64480
ISCU,2413.227203,78762
KCNJ10,4673.75017,144276
TMEM257,1146.996262,34470
KDM4B,1058.465371,28666
FGF4,2806.277742,90628
ABCG2,5208.87963,157400
SLC25A12,1079.389011,32026
MFSD10,2357.445327,63714
EIF3H,2033.250111,62392
PLCL2,5027.246002,181228
CD84,413.1089104,12442
SOX21,2157.488477,71308
LMNA,2009.422544,62382
PSMA4,3532.14818,112194
HSPA4L,2859.038979,89026
ABCA4,2244.435499,72788
CLCN7,2304.784481,67534
CX3CR1,645.634652,21370
INPP4A,1640.426009,61156
KIT,4314.774654,138864
IFNA21,894.2929054,27572
NDUFS3,891.0022189,28022
ZNF592,2846.337197,95728
PDLIM3,3453.110618,107970
UBE2N,782.9729406,23128
GOT2,9570.85,318866
PHKG1,396.2061398,12964
PPP3CA,19032.57605,626742
ARID3A,920.0905565,24970
IL1R2,1617.504083,54416
TBC1D2B,2090.195062,69852
TLR2,3449.980976,109364
DAB2,7238.419711,236440
LIPA,3744.232175,125294
UQCRFS1,12250.85055,411606
CALCOCO2,2751.961451,88520
TTN,3742.449254,122628
LPO,2208.690064,75724
BCL2L1,2376.161482,66150
THAP11,653.9965175,18140
CTNNA1,4908.59806,171254
TBC1D4,4134.519836,151084
PALM,3276.466342,83616
NPPA,1760.118988,53394
MGMT,9984.53092,300880
EIF4A1,6454.351584,204982
FOSL2,2087.316814,67604
E2F4,1703.809211,50034
HOXD9,253.7661732,9532
DRD5,11435.71888,377516
SALL2,1419.63185,42406
NDN,4874.513996,174032
DOCK4,3672.213995,128636
IFNA8,752.6631374,23050
GPA33,7255.209771,210640
ZNF177,990.1407125,22556
OR5I1,414.0920565,12414
LUZP2,5126.843931,175168
HIST1H1T,392.3703252,14108
SELPLG,4681.253623,132120
AKR1A1,1018.399282,28712
REEP2,2322.898454,67578
GLUL,3692.964209,170248
PRKAB1,1387.356811,40392
NAIP,400.4829667,10222
RTN2,2244.09,68528
CALM2,1220.350005,40404
GNAT2,454.9293088,16082
SRP54,2077.445935,73778
PGAM1,1155.839976,35596
PER2,842.2731738,23108
SLC7A7,2710.157361,81440
XK,945.5978062,28956
SERPINB8,1153.518501,36236
SPRR1B,1106.72,32872
HCN2,1828.109633,54614
CRYM,2603.122035,84550
NDUFA9,3462.898454,113506
PSMB5,1801.469122,50584
ARHGEF10,675.6168585,21038
FBXL2,5643.937413,189044
RARRES3,1664.536746,46324
TTLL12,1158.263681,27274
MINPP1,1720.922236,48232
ITGA7,890.7996575,31430
GABRB2,13218.48514,429816
GABARAP,2753.855242,79414
ALG3,940.4728133,31662
HTR1E,9164.137995,301864
CPD,1743.39339,56600
KCNV2,1349.285274,48036
PLCD1,479.3637625,14804
MECP2,194.6135402,5172
SMAD6,5183.245793,172618
PES1,886.7838134,23620
TSNAX,1193.959266,38272
CAMLG,2132.95735,72784
AIF1,1928.683624,65228
ALPPL2,819.1178949,27426
B3GNT1,11211.963,356088
PNLIP,3844.117873,120962
SCG2,3354.034877,124176
NR0B1,738.4583642,20504
PSME3,702.2940884,21592
NR3C2,4408.351821,160110
RET,6230.190409,214010
GABRB3,5460.386479,188968
CCL4,922.1975211,37784
MTA1,2037.2099,70804
BCAM,1668.328413,58708
HDAC4,1485.05939,47832
VASP,1839.333681,51804
MLN,2735.022225,77534
FGL2,978.7958051,29946
PSMB8,1871.772467,49236
SLC31A2,4333.091498,122802
WT1,478.0991017,12416
RAC2,3361.048169,112308
MAP3K5,4493.02,157766
PDPK1,3293.783824,103918
ADA,1059.343073,29820
ABCB11,645.825182,24082
SERPINA6,2253.572482,85430
AP1S1,1370.467846,42564
FOLR3,2277.324826,70766
NR4A2,1626.644947,48818
POLA2,581.1638908,16870
NR2E1,1600.289122,52760
CRY2,784.7391503,23300
KIF1B,5658.035382,193462
MINK1,385.2024166,10650
RPL3L,941.8911526,25878
FGFR3,1549.682635,48760
VCL,1772.490866,53580
GPR35,5336.527331,134440
ERP44,1951.863725,69084
IDUA,1136.70453,37022
HAL,3003.881998,96960
PDHA2,11122.15568,370878
CNTN2,6468.836087,202546
CELSR2,1818.382669,56554
SLC14A1,1496.50018,47298
RPH3A,3382.012574,107420
ITGA10,4085.216472,125366
DLK1,2625.468536,91794
SART1,2368.708301,65678
CASP8,4462.074821,128164
SPON1,396.8246836,12570
TMED1,1273.31,37116
ITFG2,199.8875838,5916
GZMM,4210.183474,108966
M6PR,544.9914037,16676
PSMD14,3541.375108,113954
GTF2H2,800.6976936,28478
FZD7,1515.101216,52726
ADD1,5777.558183,197326
TSC22D2,4138.860603,140416
TRIM32,4324.367387,144740
KDSR,3233.875909,106120
CDKL2,419.9681161,12750
SNRPD1,229.6353708,7820
RTCB,1686.428652,47500
CPNE3,2486.121059,84746
ADAM23,4610.059468,168100
TFEC,2827.122716,85140
DBT,3108.576489,108276
LAD1,1674.685119,56896
TNNI2,2208.663102,68254
NISCH,1116.232848,53984
ARHGAP5,187.4302601,6924
AP2B1,7307.118241,261374
AVP,2846.066578,79752
SNTA1,3071.922576,90060
HMGA2,2169.707589,78916
NUP214,3928.94,140438
PER1,983.8438585,26700
THRA,681.6083516,22922
EPHB6,3679.246443,117952
EEF2,2426.68,61358
BRINP2,1136.150525,37590
CD99,1505.903636,43628
ZP2,1748.487281,57426
DAPK3,1261.724402,33824
PPP3R1,1155.599467,37586
MLX,2606.161229,88308
EWSR1,1840.785528,51172
SFSWAP,2229.17,68076
ATP1A1,4758.601649,145266
PON3,1387.34,43264
CEACAM6,1755.877716,52218
GRSF1,3762.55303,139722
VPS72,4128.669451,119008
NR4A1,595.5088985,15488
PAK1,3829.989515,125772
ATP6V1A,2146.666167,68096
ENDOU,349.3238192,9894
GABRA5,229.6652518,8944
GYG1,5507.256955,163956
FAM115A,1705.023769,55460
SLC25A6,1122.04,32246
BAMBI,1269.845952,40834
KDELR1,2782.607936,80050
MAP3K8,3020.375909,90700
F11,6179.870979,216014
PTPN22,1453.08,44754
PEMT,2980.016015,77336
AGER,1755.407822,46398
ELF3,1810.667075,55336
CDC27,1941.258033,62808
CHM,1653.17,49348
TRIM3,2222.812843,75544
ESR1,10731.55942,323558
CBFA2T3,1799.354413,58152
CCNE1,419.6365382,11830
MEF2D,3864.533605,126924
TUBB3,893.2325834,27788
DCTN3,720.2822097,20750
KCNA4,1989.144027,64662
RALY,3688.655919,117176
ZC3HAV1,1411.623829,46644
RNF13,2695.121726,79224
DNM2,4972.282217,136100
FARP2,7592.086262,239490
TTC1,2470.430971,72330
DCT,6964.757407,249370
EGR4,1568.097768,50114
SUPT7L,141.7704816,5042
HLA-DMB,3950.699402,116358
ERBB3,955.0584544,29566
PITPNA,457.2447544,12986
LDB1,804.0631447,24264
COL3A1,1216.458735,41546
DIAPH2,2098.989548,72070
MAPK14,6815.611525,236258
RAD23A,3529.581582,104452
LMO7,5674.816656,194580
PPP1R8,1332.359787,44766
PNP,1352.090192,34060
LSR,1409.654713,40922
GUK1,2809.390623,83180
IL9,1026.328543,33932
DTX4,544.2854566,13616
AP3S1,1654.086026,53034
GNG4,643.6742933,24634
MDM2,5259.981175,186376
ITM2A,913.7660274,27984
UTF1,5325.718428,153300
TH,667.8736017,24876
CSRP1,3795.98562,113762
MPST,3505.665491,88756
ADAM9,4049.395703,140668
ASB9,1808.292368,56442
HSPB2,3507.399146,102904
RNPS1,1623.431172,54474
PPP1R15A,1648.493278,44626
MPZ,1844.490218,69242
NSF,4080.733538,130636
COL4A6,620.6121842,21984
TBXAS1,4870.790019,153796
DGCR6L,1233.181589,43538
PLCG1,1968.487463,69004
SLC4A3,7478.88,241638
GNAI1,3826.15645,131896
MOGS,745.2895205,19430
TNP2,551.5142202,17466
ZNF32,2544.757241,76366
SLC6A5,2614.090105,86310
TPH1,799.5620802,27764
PPL,827.5871968,21942
CDKN1C,717.5744519,17020
HYAL2,1307.354426,38880
EEF1A1,2218.82776,65286
SUPT5H,3727.575019,108502
ABCA8,3986.928084,144612
SAC3D1,1214.284554,27944
COL7A1,738.2565105,19524
SOD2,1901.078379,62382
ATP5H,306.9660262,8974
BTC,5249.518764,185280
CCT5,2361.866759,71900
TNKS,2259.835491,80068
NOS1,4406.460607,156768
VPRBP,407.5703756,13172
HTN3,4297.0955,116040
ANXA7,4161.372394,117814
TRAF2,1582.455279,39506
UBE2D3,1789.381421,57642
SLC6A11,18950.64489,590368
MMP25,521.8152401,16548
SOD3,8299.927977,249560
LDB2,9148.032474,276528
HIF1A,2141.354766,63174
PLA2G1B,607.9651115,17934
INHBA,3557.324022,121958
KIF1A,3056.46445,105954
SULT4A1,958.1099122,38092
C1QB,1470.41983,40636
SMARCB1,2421.320248,65200
KRT81,2114.299952,58348
SNED1,139.7494718,3976
MAPK8IP2,2615.156632,84130
WIPF1,3903.016139,129560
STIP1,1809.996641,56290
CTF1,2145.310264,61756
CSRP3,1435.597607,40102
F13A1,3659.721283,112022
KAT5,3629.206649,110422
HARS2,2127.491024,68368
KARS,4377.787342,135524
SPI1,3322.21977,83916
MAGEA10,1102.702862,35992
REG3A,3329.876153,106534
MSR1,10164.81668,351124
GALNT10,9765.417849,309816
KCNF1,2625.47,78224
KIAA1211L,433.4576859,11588
RAB3A,1192.542611,32760
CPN1,8143.955511,224886
PSMB2,1363.522393,39540
NOTCH3,1393.100306,40336
WISP3,2358.284809,74074
SMURF1,4445.30831,135136
IFNW1,2144.426714,68758
SLC6A12,5615.598281,180546
HRH1,1208.814832,38842
POSTN,4309.9,142688
RBM42,1191.745688,34868
SLC28A2,1712.100319,57784
MYH2,7319.618603,222482
BCAP29,1254.970561,43544
PRKG2,1959.886818,73284
NCALD,730.3034145,23818
PPP1R13B,2191.336158,74480
ZMIZ2,2037.474803,67500
PI4KB,5263.5182,161576
FAM8A1,1984.27264,57964
FKBP15,448.033814,12644
RAB11FIP5,924.3468206,27702
ACTB,1857.46,48526
TMBIM6,3688.372613,108708
OPRK1,4382.003118,157280
RGS20,819.3165614,28094
POLDIP3,2383.588321,86490
LY96,2843.917537,104612
RPL4,691.2483879,18058
KBTBD11,4164.919905,134714
VGF,2386.078319,67446
KCNG1,3796.342845,115306
TGFB1I1,1221.020177,31478
ST3GAL2,1179.2423,33712
LSP1,1873.936963,45032
APBB1,2386.04,70972
CTSC,5311.12906,166048
BICD2,3115.78834,101886
NFATC4,624.4297795,15806
CELSR1,2926.774711,95900
XRCC2,3024.899002,98464
CCT4,5357.266211,197638
ENO2,4182.192353,139422
TUBG1,1736.371491,52480
HADHA,3579.008415,122150
SERPINF1,2786.877396,85186
VAT1,1741.987729,55714
PDE5A,7520.848974,248006
BAX,4254.748685,134124
TUBA1B,1301.785637,38410
GYS2,1823.442959,58530
SPRR1A,760.1095959,25646
PSMD3,4067.090213,133746
SLC1A1,8857.76,310974
PRNP,5814.901683,194464
SERPINE1,1503.347717,46546
BTBD3,9199.549304,309208
ADAM22,2742.832046,105374
GJA1,4999.76,176132
PSMD12,2967.989219,99282
AP3B1,3163.48026,107352
DPM2,763.4138248,19402
TGFB3,2339.415197,73938
FXYD2,2304.282904,71704
SRPX,2860.640221,80838
IGHMBP2,4105.419248,138620
CSF2RA,339.0153744,10986
KIAA1107,129.9371294,4182
PTPN1,2173.623213,73924
PTBP3,3854.963833,134032
ITK,962.9488871,28248
PASK,259.4851103,7648
TENC1,2485.700673,79400
BRPF1,831.7442413,20530
DSP,1318.979557,40162
GAP43,10890.73507,369202
TRAK1,2340.784605,72648
CKS1B,345.6952998,8332
TRIM10,1533.756132,43564
MADCAM1,8719.978402,240804
CD2BP2,1570.83388,51408
S100A8,3211.721801,101184
PLA2G4A,2242.78953,84278
INHBB,4142.74,117140
SFI1,2609.405266,86338
DSTN,724.4816628,17626
ICAM1,1848.871499,50626
EPB41L2,2919.908038,95492
TGFB2,3907.082893,138982
NAP1L3,893.377173,29936
TCL1B,860.0169318,31598
ZBTB40,4931.321018,186218
CD163,840.0732513,27112
LEFTY2,359.3678905,11362
POLR3D,1099.596689,33026
ATRX,1368.166991,44996
NUMA1,1067.70067,32122
WDR45,1356.897145,45554
IL13,1438.223096,45044
RHOG,3519.431723,81854
PRSS3,1927.249721,57746
SH2B1,1507.984319,44856
PSMC4,4249.873833,123182
SEPT11,5966.808941,220194
GNAO1,6724.647757,238008
MEP1B,1524.843078,53456
RAB27B,783.8013323,24918
KLK7,890.7165594,25794
CSF3R,9162.175802,282174
TRMT1,1167.559527,32724
TRPV6,1018.218051,28704
THBD,1615.931217,48244
CCL1,3064.786264,82116
RAB27A,2918.641617,88706
ASMT,1688.627402,58210
GABRR2,2701.955883,87188
UBA7,5048.014789,157992
SLURP1,504.8962729,14998
BAZ2B,722.8950572,22110
UBA2,5638.46,185728
ADAM20,558.1950406,20934
PI4K2A,1497.136579,51632
INSIG1,3003.175778,105966
PSMC5,1669.681262,50646
KIF1C,1850.134151,61098
PDE6A,2979.04808,99364
AAK1,9270.360716,330808
EZH1,7714.023739,240618
ITGAM,4974.815957,172974
CCL15-CCL14,22.28414836,632
PLD3,3840.736904,118480
ABCF1,1401.656075,38088
CTSK,4054.350883,134696
BCL2,3920.613206,132210
RPL35,1784.57652,43102
CD59,4106.275356,136028
SPARC,5341.59,175162
FGF12,7060.292267,258854
TOM1L2,370.0614373,10586
TBX2,548.4330054,16546
EPRS,1922.850261,62294
SPTBN1,4967.543479,175090
HLA-DQA1,809.0863658,26340
PACSIN2,2570.697095,79586
LY86,1695.98981,51268
EPHA3,1602.379787,57976
GLTSCR1L,1131.732795,36668
SARM1,198.8771815,7366
COX6A1,191.6646568,5868
FAM47E-STBD1,94.75418587,3424
PLXNB3,316.2816122,11054
JPH3,1182.542294,42412
SLC22A3,1856.303935,63080
HOXA9,726.4934269,28508
BGLAP,1591.913436,47508
LRRK2*KDG*,6556.925652,225604
RHOT1,3672.704115,148674
F11R,1085.180481,33516
XRN2,1581.600661,50856
PARL,746.8017755,21376
STUB1,3141.723315,87352
UBA52,1944.845598,49922
PPP1R9B,160.5949535,6570
EFHD2,307.0969713,11050
TOMM22,559.9299532,20586
ARFGAP1,1044.337228,28762
RHOT2,912.683973,30490
MARK4,832.3233391,36838
ZNF746,148.0651825,5348
MID1IP1,979.670009,33222
FBXO6,2150.598825,55496
NFATC2,3456.719977,127126
HK1,1155.097886,39136
LIMA1,2304.962929,70818
ADAP2,1925.492499,68168
ECSIT,1145.384326,30886
PRAM1,1899.714641,64278
SIN3A,823.5968418,24148
NOTCH1,1687.027505,53804
AGO1,2983.17059,101196
NDUFC2,133.8804841,3534
CDC42SE1,175.6517742,6738
TMOD3,4372.330375,154078
ANKH,6879.066559,248886
FBXW9,449.1222528,17010
ISOC1,3047.186592,98106
SIRT3,286.9178035,7358
STRBP,175.6814029,6324
TNFSF13,1804.959921,52714
VKORC1,2653.240983,72266
ARPC1B,4230.145127,118840
PPAPDC1B,1393.200754,50052
CIDEB,2485.136402,79420
L3MBTL3,1095.799927,37084
FBXL12,827.5118073,24472
NUB1,1811.185693,55490
UBASH3A,201.7768421,5650
MTRF1,352.0959677,10088
NDUFA8,4478.888452,129592
CISD1,637.49902,21960
MKKS,2706.99482,98314
SDF4,488.3324495,15012
RICTOR,489.5176387,16054
ECI2,2102.953541,62680
TUBB1,1117.489925,36110
MED15,4249.906912,124720
NDUFA11,135.6455719,4522
MSRB2,1078.772374,28978
RMDN3,580.1914969,17798
FBXW7,12875.36635,427394
ACSS2,2022.140748,67148
ARHGAP15,3177.469785,97766
TBC1D23,818.6454839,22480
RNF130,3384.995143,99808
RETSAT,441.1460829,11674
LONP1,520.7346742,15438
HEXDC,142.6261815,9784
ABCA7,1634.203573,76940
RAI1,1071.145055,35938
TUBA1C,3353.327305,111098
UBE2J2,166.0787837,6098
KIAA0319L,1316.42,42722
CSNK1G3,2049.452333,71846
RAB2B,553.8898793,17770
ZNF558,593.5475702,22620
NDUFA4,1004.269474,27766
LACTB,285.0421799,10886
GFM1,844.7081165,29142
C1orf27,1463.57616,47274
ELOVL1,1309.398124,38016
SLC40A1,3213.284368,111474
VPS35,252.5652214,6610
PECR,2089.383672,77762
MPC1,307.5585823,10430
FIS1,1167.925734,33022
H2AFJ,363.7119891,12212
FAR2,964.2219861,29832
TMEM134,1264.834926,48260
SPCS3,1088.508454,33408
SLC25A37,425.8212871,14988
AGO3,2452.52668,82304
LILRA5,93.71107944,3650
MOCS2,2206.606226,68290
ELP5,125.3390929,3608
DVL2,257.106963,8192
BDH2,445.452044,17044
LIME1,1406.040946,43548
MARCH5,432.628996,13236
USMG5,387.2786751,11544
KIAA1191,1340.380581,49376
ANAPC11,497.2951635,14420
UBASH3B,2491.477504,92468
TMUB2,2327.157836,79120
C6orf203,815.6403846,26188
SEC11C,1199.911889,38622
STRADB,3591.169527,123250
KLHL22,360.8299806,11752
VPS54,1307.024857,39968
USP47,4499.992273,161420
TESC,779.5313974,21516
MTCH2,397.2848785,14842
GALNT12,2288.660737,73606
C11orf21,52.81512148,1292
ZCCHC9,283.8158072,7542
CRLS1,275.4526217,9404
UBE2E2,465.5724419,15938
CARKD,1961.930626,59410
CYP4V2,536.3106357,18930
MTFR1L,6047.215892,200218
NUDT16L1,1149.778865,30864
GNPTG,2139.769031,90848
S100A6,670.54401,19098
PADI4,2917.876557,102408
CRYL1,1333.241243,41106
CD99L2,415.6240199,14220
TMEM234,80.97895118,3798
UBE2O,674.1468629,22072
MCTP1,1332.371036,43472
PHF12,1509.954058,54692
DYSF,5353.74,189832
SYVN1,35.35932372,1228
CCDC115,1247.587642,43234
YPEL5,1306.696571,43236
SCML1,247.8310033,9316
ALYREF,64.63853273,2106
ABHD16A,351.5338918,10642
FNDC3B,267.1110574,7646
ZSCAN32,914.4978616,25174
TNS3,3373.801744,118376
MCEE,349.9596463,9888
SCYL1,109.3884118,2290
C17orf59,197.375437,8402
RBP7,302.5100878,10448
APOL2,654.5534198,21030
MAP3K2,1162.339016,41980
RIC8B,1679.250367,55606
APPL2,1522.023805,46668
ARL8B,1701.896888,59474
MT-ND2,60.66722779,2302
LRIF1,857.6373569,20746
TBC1D15,860.5232087,30128
AKTIP,445.7545816,10416
C4orf33,21.84545991,930
UBQLN4,5640.404689,183750
VPS4A,745.9165667,21986
SAMSN1,1771.053565,53748
GPR27,786.289318,29590
HERC2,793.7828861,29796
MAP7D1,1574.790454,43662
USE1,367.2392475,11570
UBE2Q1,75.13081596,2242
MCOLN1,873.8120827,26300
TM7SF3,599.7857527,24994
MKRN2,3940.921996,134114
PFDN2,221.8752663,6680
MSRA,2957.681193,89686
ARHGAP9,421.2924768,19382
C19orf66,770.816048,21204
PPP2R3C,140.8837442,4838
FERMT3,1947.106223,62562
SULT1A2,411.6905441,12472
DCAF6,3727.866324,127296
MSRB1,1904.165978,53644
UQCR10,527.9529855,19122
ZNF335,1876.287299,57174
ARHGEF10L,1400.13698,40818
C10orf11,8719.31503,292228
ZNF302,822.5741027,28302
SCRN2,822.2024114,29440
MYO1G,494.8916257,20982
SAP30BP,427.1601037,14710
DDRGK1,885.7006733,23998
PBLD,2213.868533,76146
CSAD,431.7689435,10638
PLBD1,2083.612001,68596
CHFR,1734.663824,49362
GMPR2,903.9610115,31252
FAM134A,687.9010854,25118
SCAND1,1338.50938,50384
ABHD12,24.72666874,834
MGAT4B,1173.158305,34104
SNX6,1045.48,36202
CHCHD7,315.6245418,10856
EHD4,2315.954908,77988
NCOR1,2051.364071,75986
CLEC4A,924.8374825,32620
ZNF106,2323.100757,70672
HAUS4,1417.693362,53072
NARF,907.8958206,27134
KLHDC2,569.5878149,16834
AMBRA1,2722.798303,106070
SIRT1,1447.54862,42960
GPR108,41.57788592,1720
PPP1R21,88.64178349,3088
MYLIP,2068.805387,69572
PAAF1,1993.360559,78140
CWC25,1280.697205,42248
PSTPIP2,3086.834971,102660
MICAL1,1012.48226,38648
AGTRAP,3016.182288,107762
GIMAP6,2841.784596,66670
PLAC8,200.4760119,6702
CLEC12A,184.7164381,6352
KIAA1598,5241.67117,195652
ELAC1,2450.955044,82320
CSGALNACT2,735.4285602,21788
GSTK1,1383.080384,35876
DPP9,825.3583961,26898
REC8,636.0084118,16546
ULK3,635.3832591,21986
ROGDI,1192.341219,31580
USB1,1025.693768,34558
FN3KRP,31.89613567,1146
NDUFA10,1839.655066,68764
FYCO1,4921.003096,160766
MAT2B,1490.699758,49966
PATL1,221.3347765,6872
TAOK1,550.1552916,18270
ACER3,564.9845876,19644
STK11IP,127.0830498,9928
TET2,4382.577201,164460
FBRS,236.0013983,5612
HINT2,2409.115113,79166
YPEL3,321.4341255,10000
SERGEF,942.1200305,31288
FHOD1,865.6280618,25380
VPS16,691.8287089,20568
NDUFA13,890.410714,26268
TUBGCP6,681.0670453,32916
TECPR1,106.0758249,3020
CPNE2,530.8763042,14724
SIRT7,2653.005114,80426
AURKAIP1,581.2542858,17024
APOBR,1243.692283,47570
C12orf10,1965.102493,55800
NADSYN1,683.0155258,19164
CCDC107,64.59362989,1488
YWHAG,2471.174637,90244
FBRSL1,15.42436762,822
FUNDC1,1074.147563,42754
HM13,1656.422653,63764
FBXO8,8749.431556,302394
KIF13A,4061.136506,141028
NETO2,1652.210043,58928
ECHDC2,1587.276615,49258
C1orf85,47.08755973,1362
CYP2U1,328.0611439,12782
KBTBD3,119.330795,3930
ARRB1,4186.539109,147686
PI4KA,1598.323135,53280
PRR14,614.0103515,18118
EGLN1,2018.71291,64542
ZDHHC7,1797.27251,54808
CERS2,493.192654,15256
TRPS1,2271.229188,72724
SCNM1,830.2625275,23232
CORO7,689.8122727,20710
ALKBH3,1413.191141,49320
DUSP22,683.0060602,20420
LOXL4,142.549417,4586
MARC1,1792.171143,65088
DNAJC5,87.92968918,3150
SNCAIP,1654.138591,57836
ATCAY,239.2257655,9216
ATP13A2,437.6136529,13690
ARHGAP24,5961.72346,207484
MLXIPL,890.0010928,30498
CLIC6,2045.002924,80488
NTF4,379.1678396,11748
RASL12,1347.038923,51936
C19orf52,49.74171986,1008
AADAT,1332.925127,53250
RAB3D,142.1543007,4816
PLEKHG6,1671.057775,55544
ACSS3,1308.495967,45040
PGAM5,2574.803393,89292
PYROXD2,790.9940212,25568
A1BG,129.2088227,4014
KLC2,919.6686426,37322
PNPO,817.0031437,30246
DYDC1,67.06025608,1828
RNF32,686.9714852,18600
BBS7,160.01,5508
ZNF682,134.4914792,3478
UPB1,1621.54439,57956
PRMT8,5319.266156,177410
CHST4,2059.595173,56172
FXYD7,607.7405194,18592
OGDHL,2340.051047,78064
WDR52,361.9655521,12866
PLEKHS1,1500.352479,42500
EPS8L1,391.109895,11122
LOXHD1,362.1619554,12626
ADH4,758.7741813,42918
ESX1,129.993207,4552
OTOF,3947.066146,125110
NDUFA4L2,171.4730095,3800
SLC30A2,441.3857485,15714
PTPN23,143.2250403,5592
PPP1R1B,325.6384267,9384
APOL5,892.6332153,30644
CPED1,3409.518888,114496
DEFB126,77.57474437,4424
NLRP12,394.6102484,13896
DLX6,422.4725012,15064
KCNH4,1084.556244,44586
TBC1D17,537.0453435,19138
TFCP2L1,2293.604513,76052
SEC14L4,232.9636084,12078
GFI1B,1195.800556,35354
ASIC4,112.0660314,3768
MEFV,10353.75719,318234
PPARGC1A,3929.75674,131658
MARK1,2168.597402,84162
WNK2,496.7249286,16634
NOSTRIN,2883.11946,97726
DAK,720.0465372,29054
LAMP5,1408.45724,44868
OSBP2,962.4570595,34632
RAB17,1240.267332,45768
GDF9,359.2016946,10182
CABP2,814.1744776,23838
NARFL,1245.339716,55174
ARPP21,4960.679422,171466
PKD2L1,1807.605874,58656
LRRK1,321.3559485,14878
SLC25A21,9765.117512,334304
GPR88,838.2443064,24610
ALDH8A1,4759.501996,171746
SLC27A5,1489.351911,48398
PRDM9,394.7460838,10418
SLC30A10,4043.122884,147026
APOA2,1100.691187,40764
SLC7A10,292.5947895,9294
TMEM176B,4814.760296,148634
MANSC1,1334.062621,39458
DMGDH,2199.131388,80236
A2M,1533.03686,49436
CFHR5,292.3050388,13084
PRDM5,3562.728663,122932
TEX2,3817.322568,136998
DOCK7,2321.941287,77980
HRH3,374.4597414,12840
SLC22A7,494.0828219,30576
PRDM11,872.8606655,29694
PGPEP1,488.4901355,12110
RTP3,1385.581928,53662
MILR1,87.45372636,2518
ZNF668,436.4251417,14936
USHBP1,494.4780547,17076
BBS12,498.8361911,18748
ALOXE3,246.2680185,16222
ANGPT4,513.0540671,13886
GSTA3,2164.84,75802
GFRA4,932.2405309,36672
C7orf43,1679.449452,54632
ABCC11,66.23712909,2414
RAB25,1161.631844,34542
PPARGC1B,37.23706646,1368
MST1,847.4943316,28140
CAMKV,1523.614095,52582
RERGL,2880.134686,105398
TMEM176A,431.3771334,11770
CORIN,1712.309387,59486
G6PC2,901.0464836,26786
MARVELD3,525.8567855,16820
BHMT2,350.5440955,12130
A1CF,11627.82919,404270
WNT5B,1636.416488,78960
POMT2,1681.081861,82504
BRSK1,106.2603295,3782
KCNA7,521.9933822,15438
SIGLEC5,1733.82791,58388
NIPSNAP3B,714.0142587,21178
HEMGN,963.4299276,27726
MTA2,454.5176385,14596
IL1RAPL2,1741.281374,64982
MAP1LC3A,780.9697993,23380
DNAJA4,1877.023079,58844
COL27A1,1180.481434,60560
PRB3,1449.305474,34360
TMEM59L,664.1300687,24062
HHLA2,876.5429217,27074
UCK1,101.4691291,3674
B4GALT7,618.4818565,21856
ORM1,2740.375711,95446
SH3BGRL2,1386.605698,41770
CYP46A1,807.3083186,33002
EFCAB6,3380.159774,120482
TTPAL,214.4354388,7676
BCO2,391.1665195,13754
OGFOD2,304.2684996,10050
SLC22A9,1081.51129,43902
TRIM54,252.0958868,7168
RAB3IL1,1835.151258,57284
MEX3D,34.43322785,1278
ABCG5,2091.847572,86326
SLCO1B3,1795.844109,58636
TOLLIP,2657.750332,91114
PDE7B,5096.08373,172786
INF2,565.2118714,16170
CAMK2D,12906.70153,426948
SPATC1L,3258.343674,104874
B3GNT4,330.7371416,11762
CORT,490.7414021,15376
C3,1428.619595,44448
SIRT4,193.4626121,5742
DNAAF3,47.65916867,1988
RETN,975.5944709,32948
MYO3B,1257.491939,52966
NPC1L1,719.3259547,24750
CSRNP3,996.6577936,36168
OXTR,1308.431268,44480
RASAL1,631.7179683,18556
NCS1,1597.234927,54062
SORCS1,2806.433786,100004
RBFOX1,19326.19971,665244
TSPEAR,991.9366219,37920
ADAMTS7,258.2801849,9404
FLVCR2,1728.137648,68392
LRFN2,2159.898364,92618
WDR16,371.0976992,13592
DBNDD1,1223.867703,32084
OBP2A,48.39245992,1434
AK5,4582.378142,159724
GNG3,6022.029814,193070
CSRNP1,2010.178919,64038
REEP6,710.3137389,31908
LACRT,384.6598044,12098
FSCB,2774.047392,93452
ALX4,519.9752346,15988
SLC41A2,4261.381763,160956
EHF,1056.172826,31978
ERN2,168.5410519,4530
TRMT61A,214.9471582,7148
EBI3,232.7123784,5996
DNAJC28,2523.955157,93728
TMEM38A,2111.220391,68970
ODAM,426.3540961,10990
DPEP3,634.5472099,19984
EMR3,728.3905251,23524
C6orf15,560.6801809,16960
NT5C,165.8794875,9128
SLC22A16,511.1569647,15694
PGBD5,3111.966255,109992
STARD10,153.6083752,5434
HBQ1,1625.967779,55768
SMR3A,479.674285,15718
C7orf69,684.6599709,14826
SUFU,1407.015616,54966
PGLYRP3,414.725328,13684
TTC38,128.4199611,6036
CEACAM21,564.1168191,17546
ETNK2,2106.78345,60506
SYBU,4400.178039,156340
SLAMF8,348.8817377,17784
HKDC1,783.7877343,27206
FBXO2,528.3412957,15226
PCTP,1222.228445,45678
TMOD2,567.9293549,20604
CCDC88B,347.4695993,14730
HDAC10,272.0133013,16414
APOA5,267.9013239,11974
DAB1,15591.38575,531786
HOXC8,430.1271246,11060
CYP4F3,578.7789248,19460
HSPB8,810.0757309,27522
RNF128,2076.625184,67972
MAP6,778.3622546,27038
DECR2,453.9076706,14134
BMP15,3910.774078,120162
ACAD10,602.4798321,27928
GSX1,81.62893644,2588
B9D2,330.3925246,8274
KCNN2,6287.745984,236358
TSGA10,1334.118466,49660
ESPN,145.1963301,6682
METTL2B,11.97788203,430
SCIN,234.2712491,10290
GSG1,414.1937668,16662
NPDC1,203.0846754,5762
CTD-3193O13.9,269.1818341,9684
ABTB1,237.5561347,7014
STXBP6,4248.762017,175812
EVA1B,1722.712715,57818
MTCP1,83.99188485,2532
FERMT1,373.7950041,11734
HEY1,1071.60336,33756
SENP8,195.6448868,7478
PRG3,1363.27348,42914
IL25,109.7855477,2786
MMAB,345.0599953,10750
DGAT2,419.8805313,16170
EPS8L2,597.6264316,18294
KLHL26,286.4651949,9024
C2orf54,1905.350711,68588
HFE2,1404.411295,65828
MYOT,1120.81622,36890
ATP8B4,2019.173339,73556
PLA2G12B,535.4356417,22666
ODF3L2,1692.450167,51158
RPRM,31225.17334,893040
RAB26,744.966323,25428
STRA6,662.6171539,19468
NKIRAS1,314.9944806,11630
ASPN,3164.256153,100862
RSPH6A,563.4286443,16768
PDZD4,40.92659551,1836
SLC46A1,9.710957484,708
TLR4,6344.76,215238
ADAMTS13,70.6748157,2404
CGN,736.7877766,25296
PLGLB2,445.2248671,22492
TMEM53,958.4463742,28580
TMEM140,1970.21123,62646
FRS2,147.1877841,4770
GSC2,215.2474165,4874
NTM,395.8499206,15172
RFPL3,5964.087275,165182
MLPH,2053.884211,65706
USH1G,319.0781146,13716
IL22RA1,789.1948974,20428
RAVER1,55.13434384,1966
SNX22,247.1424006,8044
A4GALT,715.4598189,28008
RFPL2,490.0896856,14790
INSL6,1163.805826,44442
RMDN2,869.5456767,35948
TMEM2,202.5378206,5492
C2orf61,1318.47897,56596
ZDHHC24,53.82382781,1060
GLTPD2,34.7315698,980
DLK2,313.1092115,8668
CFL2,670.573729,21848
C20orf26,1295.789716,49000
CARD9,672.4600227,31236
ST6GALNAC5,4398.425331,175520
VSIG10,114.8272173,3276
LHX3,926.0412311,28456
ARHGDIG,1078.916122,32182
SRCIN1,3552.47,132022
PQLC2,91.70065831,3798
GRAMD1C,519.8934022,16062
HUNK,4073.65,137442
UPK3B,1470.856626,52800
ENKD1,178.4824159,4012
GPC6,9688.461924,330796
SLC35D3,53.54872186,1624
KRT23,607.3086165,17042
ANKRD35,125.986165,4370
CXorf36,1606.661971,55034
C7orf10,6309.933394,224172
ST6GALNAC6,1269.249232,42874
SIL1,2314.078625,83096
LENEP,488.9730802,11534
SLC25A47,51.11145576,2260
STMN4,874.8701676,31546
RILP,425.9781925,13204
SLC23A1,63.8098792,1672
CNKSR3,970.4172356,42604
TNFSF18,2054.567645,71320
SH3TC2,2456.506789,87302
ZNF34,104.3429316,2904
ART5,301.0458755,8412
VSX1,101.9483007,3480
UCP1,2063.933828,71448
HDHD3,1353.324251,31510
C17orf70,108.3464851,2120
SLC25A23,454.6380757,15728
WNT3,434.3367953,14704
VRTN,1492.155926,49852
PRSS21,440.629877,19080
ATAD3A,192.0354951,5150
TMEM132D,2435.611494,108204
CYP39A1,2620.829815,93292
TREX2,1211.20729,37354
OTUD7B,66.91662294,2258
ANKRD2,722.6002654,22194
IL17RC,455.3406192,13448
G6PD,611.6970161,15284
MPND,529.2410594,16620
PMFBP1,2399.018374,88186
PLA2G3,126.9953751,4466
GALNT6,732.3709731,23498
SLC5A7,434.9992022,16072
VPREB3,796.487082,23416
GPR110,2291.187571,68282
CCR10,783.0513568,19262
ZSCAN5A,460.0275088,14766
NOC4L,384.6308806,15708
FZD4,3259.0504,102588
DYX1C1,1716.884651,67786
CARD14,390.3332784,13094
CMAS,1155.849465,36740
FOXRED2,162.0835025,6214
PCDH11X,1907.414997,69214
DENND5B,2579.954335,91564
ANGPTL3,293.6435907,11696
ACOT12,81.81690668,6314
POPDC3,2128.826246,64734
SLC24A3,4351.07685,143044
ACPT,436.7428048,13928
TUBAL3,725.9026839,20940
PIGS,99.54725404,2836
MYPN,216.3737841,10108
FBXO27,155.0288794,7134
KANSL1L,46.43691046,2078
KRTAP3-1,43.44921588,1214
GRHL2,1630.909481,54538
SCG3,2390.260827,106302
FAM196A,16.19291224,548
DPF3,10663.39885,404352
TM6SF2,240.5431803,7108
SIRPG,62.44150243,2480
ZNF354C,1407.682659,55572
TRDN,6469.737765,211904
OPALIN,464.2957064,14168
LHFPL4,43.6703805,1774
ISLR2,103.2082208,3234
FTCD,168.2994659,7096
MUC13,661.9209914,22634
CDHR2,1129.676774,49098
ANAPC2,212.6596254,5586
EXOC3L4,28.4057205,1236
CBLN2,1020.601926,36482
SH2D4B,631.6531535,21766
OPA3,1782.982403,61244
PROK1,348.5456559,10994
EPS8L3,3091.106483,103050
MRO,6026.305797,226382
TYSND1,74.00215546,1740
SLC12A8,2219.607264,73130
NEK11,3277.741166,110822
CRYBA2,916.5824841,30644
SAMD4B,407.4718165,13472
CAPN10,528.1378218,24584
GCNT3,1060.301835,31566
SLC25A22,241.1683223,8068
CXorf57,183.1899513,7584
SEPT5,54.89464075,2044
C4B,298.3730347,12694
ACTBL2,9.416064678,346
ORM2,731.6790854,33562
ACOT2,312.2197057,11012
CNTF,357.5252783,9770
NR1D1,2204.782205,78364
FBXO17,369.6487124,13720
CFHR1,248.1219793,11198
NUDT8,17.25187254,536
ACAD11,1113.569827,40674
HBA1,301.3539435,10382
WASH4P,20.65185611,822
AGMO,1481.512135,61014
SFTPA1,111.178883,4414
DHRS4,330.5271361,11378
UBE2V1,576.3882556,19970
HIST2H2AB,1.728706024,88
NMNAT1,153.0013256,5928
RHOXF2,921.6903001,29818
H3F3A,888.068868,28998
KLC1,840.0530496,30690
APOC4,211.1695767,9576
C4A,861.7809531,30252
MT-ND4,0.039589897,6
MT-ND5,0,0
NME1-NME2,63.36398281,2204
TNFRSF6B,17.11300871,414
