gene name,Closeness unDir,Degree unDir,Eccentricity unDir,Radiality unDir
BRCA1*KDG*,0.000292912,772,0.5,3.304865938
BRCA2*KDG*,0.00028169,610,0.333333333,3.23733863
PIK3CA*KDG*,0.000292569,717,0.333333333,3.302879841
NCOA3*KDG*,0.000286205,634,0.333333333,3.265143992
TP53*KDG*,0.000294204,845,0.5,3.312313803
RAD51*KDG*,0.000272702,454,0.333333333,3.179245283
NBN,0.00026178,244,0.333333333,3.103277061
RB1CC1*KDG*,0.000285225,583,0.333333333,3.2591857
H2AFX,0.000275482,467,0.333333333,3.197616683
CHEK2*KDG*,0.000283768,588,0.5,3.250248262
KDM1A,0.000286451,590,0.333333333,3.266633565
PIK3R3,0.00026688,322,0.333333333,3.139523337
EWSR1,0.000270563,375,0.333333333,3.164846077
MDC1,0.000271592,394,0.5,3.171797418
RBBP8,0.000281611,548,0.333333333,3.236842105
MDM2,0.000278474,521,0.333333333,3.216981132
RAD50,0.00025974,205,0.333333333,3.088381331
HSPA9,0.000269179,339,0.333333333,3.155412115
NFKBIA,0.000265393,320,0.333333333,3.129096326
CEBPB,0.000264901,307,0.333333333,3.125620655
PCNA,0.000293169,850,0.333333333,3.306355511
PPM1D*KDG*,0.000274801,404,0.333333333,3.193147964
TOPBP1,0.000285225,645,0.333333333,3.2591857
UNG,0.000280269,500,0.333333333,3.228401192
RAD51B,0.000273075,395,0.5,3.181727905
FAS,0.000276091,499,0.333333333,3.201588878
CHEK1,0.000300661,1001,0.5,3.348560079
MRE11A,0.000273898,490,0.333333333,3.187189672
CENPC,0.000275482,442,0.333333333,3.197616683
POU2F1,0.000269324,352,0.333333333,3.156405164
FANCG,0.000274876,459,0.333333333,3.193644489
CDK2,0.000289519,772,0.333333333,3.285004965
DMC1,0.000259605,194,0.333333333,3.087388282
UBE2L3,0.000259943,194,0.333333333,3.089870904
ATR,0.000276549,485,0.333333333,3.204568024
SHFM1,0.000266099,294,0.333333333,3.134061569
AP1B1,0.000271665,368,0.333333333,3.172293942
VCP,0.000273523,410,0.333333333,3.184707051
XBP1,0.000258933,184,0.333333333,3.082423039
FOXM1,0.00028082,541,0.5,3.231876862
TMF1,0.000267523,307,0.333333333,3.143992056
DSCAM,0.000261438,212,0.333333333,3.100794439
XRCC2,0.000265675,294,0.333333333,3.131082423
RAD9A,0.000260688,216,0.333333333,3.095332671
BLM,0.000279877,568,0.333333333,3.22591857
RECQL4,0.000265111,264,0.333333333,3.127110228
RNF14,0.000257798,164,0.333333333,3.073982125
HSPA1L,0.000254001,109,0.333333333,3.045183714
LIG4,0.000268097,330,0.333333333,3.14796425
CDC25C,0.000265957,321,0.5,3.13306852
ESPL1,0.000268312,310,0.333333333,3.149453823
TOP2A,0.000282805,608,0.333333333,3.24428997
PSMC3IP,0.000263783,266,0.333333333,3.117676266
FANCL,0.000267523,319,0.333333333,3.143992056
DNAJA1,0.000273149,398,0.333333333,3.182224429
CDC37,0.000267023,303,0.333333333,3.140516385
BCAP31,0.000260078,196,0.333333333,3.090863952
TGFB1I1,0.000254647,124,0.333333333,3.050148957
PDGFRB,0.00026469,306,0.333333333,3.124131082
PKLR,0.000252653,82,0.333333333,3.034756703
SLC9A3R2,0.000256148,142,0.333333333,3.061569017
FANCA,0.000269978,368,0.333333333,3.160873883
TNFAIP3,0.000269833,376,0.333333333,3.159880834
RAD51AP1,0.000272183,413,0.333333333,3.175769613
PTEN*KDG*,0.000277469,483,0.333333333,3.210526316
MAGI2,0.00029036,619,0.333333333,3.289970209
SMARCD3,0.000255037,120,0.333333333,3.053128103
FANCC,0.000275862,451,0.333333333,3.200099305
SOD1,0.000266312,295,0.333333333,3.135551142
EZH2,0.00029036,753,0.5,3.289970209
FANCI,0.000274123,407,0.5,3.188679245
PRKDC,0.000274348,452,0.5,3.190168818
CSF2RB,0.000262743,268,0.333333333,3.110228401
USP7,0.000265322,282,0.333333333,3.128599801
IKBKAP,0.000266312,297,0.333333333,3.135551142
ADIPOR2,0.00026001,193,0.333333333,3.090367428
SVIL,0.000271076,357,0.333333333,3.168321748
BAG1,0.000261028,211,0.333333333,3.097815293
ROCK1,0.000268384,327,0.333333333,3.149950348
PA2G4,0.000267523,324,0.333333333,3.143992056
UBE2I,0.000270563,394,0.5,3.164846077
FKBP4,0.000262674,240,0.333333333,3.109731877
PLAGL1,0.00026062,200,0.333333333,3.094836147
XRCC5,0.000282965,594,0.333333333,3.245283019
WRN,0.000271444,407,0.333333333,3.170804369
CREBBP,0.000276396,531,0.333333333,3.203574975
NCOA4,0.000265041,271,0.333333333,3.126613704
RAD51C,0.000271961,393,0.5,3.17428004
PRDX1,0.000258264,171,0.333333333,3.077457795
ATF1,0.000275634,439,0.333333333,3.198609732
NOL3,0.000258799,183,0.333333333,3.08142999
CDC25A,0.000273973,468,0.5,3.187686197
MKI67,0.000286862,615,0.333333333,3.269116187
KLK2,0.000251572,82,0.333333333,3.026315789
PRKAA2,0.000266738,314,0.333333333,3.138530288
SRY,0.000249128,49,0.333333333,3.006951341
RPA1,0.000276855,533,0.333333333,3.206554121
ZNF318,0.000265252,277,0.333333333,3.128103277
KDM3A,0.000265322,273,0.333333333,3.128599801
MAST2,0.000260417,205,0.333333333,3.093346574
FOXA1,0.000260688,208,0.333333333,3.095332671
CTDSP2,0.000256805,142,0.333333333,3.06653426
TNFRSF10B,0.000259673,211,0.333333333,3.087884806
HMMR,0.000274273,461,0.333333333,3.189672294
KAT7,0.000270636,358,0.333333333,3.165342602
TERF2,0.000274876,450,0.333333333,3.193644489
BACH1,0.000266383,301,0.333333333,3.136047666
RRM1,0.0002886,741,0.333333333,3.279543198
ZMIZ1,0.000268601,330,0.333333333,3.151439921
SMYD2,0.000261097,206,0.333333333,3.098311817
DLG1,0.00027571,431,0.333333333,3.199106256
APBB1,0.000255885,133,0.333333333,3.05958292
PRKAB1,0.000261506,225,0.333333333,3.101290963
MLH1,0.00027972,524,0.333333333,3.224925521
UBA3,0.000269324,328,0.333333333,3.156405164
CEBPD,0.000266028,302,0.333333333,3.133565045
FOXO1,0.000270929,385,0.333333333,3.167328699
DDB2,0.000276014,454,0.333333333,3.201092354
CFLAR,0.000261712,258,0.333333333,3.102780536
TRAF2,0.00026448,310,0.333333333,3.122641509
AP3B2,0.000251446,66,0.333333333,3.025322741
PGC,0.000252461,83,0.333333333,3.03326713
KDM4C,0.000262467,228,0.333333333,3.108242304
ESR1,0.000280741,578,0.333333333,3.231380338
E2F1,0.000277546,538,0.5,3.21102284
MSH2,0.000295508,785,0.5,3.319761668
HIP1,0.000267023,304,0.333333333,3.140516385
ECM1,0.000251067,77,0.333333333,3.022343595
CCNG2,0.000272628,401,0.333333333,3.178748759
RPA3,0.000288434,679,0.5,3.278550149
E2F4,0.000265393,305,0.333333333,3.129096326
AURKA,0.000277393,530,0.333333333,3.210029791
CSTF1,0.000265887,315,0.333333333,3.132571996
GDF15,0.000259605,187,0.333333333,3.087388282
PTK2B,0.000273,432,0.333333333,3.18123138
ELAVL1,0.000277316,487,0.333333333,3.209533267
CCNE1,0.000266241,324,0.333333333,3.135054618
EP300,0.000286123,686,0.333333333,3.264647468
RIPK1,0.000268312,390,0.333333333,3.149453823
TERF1,0.000265463,288,0.333333333,3.12959285
TP53I3,0.000256871,144,0.333333333,3.067030785
TK1,0.000277085,522,0.333333333,3.208043694
PDGFB,0.000258264,172,0.333333333,3.077457795
HRAS,0.000266383,313,0.333333333,3.136047666
TRIM22,0.00026824,337,0.333333333,3.148957299
STAT1,0.000269397,399,0.333333333,3.156901688
EI24,0.000260349,192,0.333333333,3.09285005
BARD1*KDG*,0.000302206,910,0.5,3.357000993
RARG,0.000255037,125,0.333333333,3.053128103
FOXO3,0.000263992,277,0.333333333,3.119165839
AKR1B1,0.000258799,178,0.333333333,3.08142999
TYMS,0.000273673,411,0.333333333,3.185700099
HIPK1,0.000280348,507,0.333333333,3.228897716
TFF1,0.000251572,78,0.333333333,3.026315789
XRCC3,0.000259673,190,0.333333333,3.087884806
RAD54L,0.000274801,436,0.333333333,3.193147964
SIVA1,0.000256016,130,0.333333333,3.060575968
NR2C2,0.000272851,396,0.333333333,3.180238332
SUMO1,0.000285551,627,0.5,3.261171797
EEF1E1,0.000265534,301,0.333333333,3.130089374
TPX2,0.00028177,584,0.333333333,3.237835154
NUP188,0.000258465,172,0.333333333,3.078947368
FADD,0.000262192,271,0.333333333,3.106256207
SUB1,0.000255754,127,0.333333333,3.058589871
TRIM28,0.000289184,658,0.333333333,3.283018868
CARM1,0.000265534,284,0.333333333,3.130089374
ABCC3,0.00025974,185,0.333333333,3.088381331
GSN,0.000266951,304,0.333333333,3.140019861
BAP1,0.000263713,243,0.333333333,3.117179742
PEG3,0.000248324,39,0.333333333,3.000496524
EEF1A2,0.00026469,268,0.333333333,3.124131082
PKMYT1,0.000272777,402,0.333333333,3.179741807
STK11*KDG*,0.000273898,452,0.333333333,3.187189672
AQP1,0.00026062,198,0.333333333,3.094836147
S100B,0.000255493,123,0.333333333,3.056603774
AR*KDG*,0.000271297,500,0.333333333,3.169811321
TRIM24,0.000272926,409,0.333333333,3.180734856
NUP133,0.000274725,432,0.333333333,3.19265144
PLK1,0.000286944,681,0.5,3.269612711
CCND1,0.000265534,314,0.333333333,3.130089374
APPBP2,0.000257533,161,0.333333333,3.071996028
GML,0.000251256,61,0.333333333,3.023833168
RCHY1,0.000259202,182,0.333333333,3.084409136
EBAG9,0.000254972,122,0.333333333,3.052631579
MAP4,0.00026448,256,0.333333333,3.122641509
VCAN,0.000259605,181,0.333333333,3.087388282
ALDH1A3,0.000253807,112,0.333333333,3.043694141
GINS1,0.000281136,594,0.5,3.233862959
PATZ1,0.000260552,206,0.333333333,3.094339623
LITAF,0.000256805,142,0.333333333,3.06653426
TYRP1,0.000269978,342,0.333333333,3.160873883
XIAP,0.000265957,307,0.333333333,3.13306852
ILK,0.000272257,401,0.333333333,3.176266137
PLEC,0.000254647,118,0.333333333,3.050148957
HMGN2,0.000269469,364,0.333333333,3.157398213
MYC,0.000280348,585,0.333333333,3.228897716
CCNG1,0.000271076,373,0.333333333,3.168321748
APCS,0.000259471,184,0.333333333,3.086395233
CASP8*KDG*,0.000282486,621,0.333333333,3.242303873
HOXB13,0.00026096,213,0.333333333,3.097318769
CDC45,0.000272926,449,0.333333333,3.180734856
MTOR,0.000271223,409,0.333333333,3.169314796
CASP9,0.000260078,216,0.333333333,3.090863952
ZWINT,0.000295334,857,0.5,3.31876862
BUB1B,0.000286697,702,0.333333333,3.268123138
KAT5,0.000267666,318,0.333333333,3.144985104
RNF4,0.00029129,662,0.5,3.295431976
SPC25,0.000270563,437,0.333333333,3.164846077
CLTC,0.000272926,405,0.333333333,3.180734856
CCNA2,0.000285633,738,0.5,3.261668322
UBE2D3,0.000266667,312,0.333333333,3.138033764
BAI1,0.000254323,107,0.333333333,3.047666336
RUNX2,0.000253936,106,0.333333333,3.04468719
MEN1,0.000268312,324,0.333333333,3.149453823
POLE2,0.000273748,453,0.333333333,3.186196624
TTK,0.000296912,793,0.5,3.327706058
SP1,0.000282566,587,0.5,3.242800397
BCL2L1,0.000260688,232,0.333333333,3.095332671
MDM4,0.000280269,511,0.5,3.228401192
NR0B1,0.000252334,90,0.333333333,3.032274081
NTHL1,0.000262881,236,0.333333333,3.11122145
GAMT,0.000253357,96,0.333333333,3.040218471
S100A7,0.000251256,67,0.333333333,3.023833168
INPP4A,0.000262398,233,0.333333333,3.10774578
NCAPH,0.000273823,398,0.333333333,3.186693148
CSNK2B,0.000271592,387,0.5,3.171797418
PRKAA1,0.000270197,379,0.333333333,3.162363456
AP3B1,0.000268312,338,0.333333333,3.149453823
MCM3,0.000291971,791,0.5,3.299404171
MADD,0.000261097,209,0.333333333,3.098311817
TAOK2,0.000258131,173,0.333333333,3.076464747
GATA3,0.000279408,484,0.333333333,3.222939424
CREB1,0.000276855,493,0.333333333,3.206554121
DYRK2,0.000282008,539,0.333333333,3.239324727
RELA,0.000273523,480,0.333333333,3.184707051
MELK,0.000290698,698,0.333333333,3.291956306
SMC2,0.000280505,630,0.333333333,3.229890765
SUMO2,0.000288767,674,0.5,3.280536246
TPT1,0.000257003,149,0.333333333,3.068023833
XRCC6,0.000271739,396,0.333333333,3.172790467
MSH6,0.000276319,472,0.333333333,3.203078451
SMAD3,0.00027137,414,0.333333333,3.170307845
AGAP2,0.000257732,166,0.333333333,3.073485601
SIK2,0.000273149,401,0.333333333,3.182224429
SMG1,0.000281373,530,0.333333333,3.235352532
IRF5,0.000259269,190,0.333333333,3.08490566
DEDD,0.000255558,134,0.333333333,3.057100298
CENPE,0.000279642,562,0.5,3.224428997
CDK1,0.000292826,843,0.5,3.304369414
PIK3C2A,0.000273673,409,0.333333333,3.185700099
CDK4,0.000285714,650,0.5,3.262164846
HIPK3,0.000268962,347,0.333333333,3.153922542
TP63,0.000260552,207,0.333333333,3.094339623
PLK4,0.000279564,589,0.5,3.223932473
DDX5,0.000271076,389,0.333333333,3.168321748
IKBKG,0.000259808,217,0.333333333,3.088877855
PIAS1,0.000281373,532,0.333333333,3.235352532
MCM6,0.000284091,669,0.5,3.252234359
RARB,0.000260417,211,0.333333333,3.093346574
BNIP3L,0.000263158,240,0.333333333,3.113207547
TNFSF10,0.000263992,272,0.333333333,3.119165839
EPB41L1,0.000260078,193,0.333333333,3.090863952
DHFR,0.000271813,433,0.333333333,3.173286991
STAT6,0.000262261,255,0.333333333,3.106752731
INPP4B,0.000265957,286,0.333333333,3.13306852
CEBPZ,0.000274123,415,0.333333333,3.188679245
LIG1,0.000274123,402,0.333333333,3.188679245
CHAF1B,0.000272183,408,0.5,3.175769613
PML,0.000267809,337,0.333333333,3.145978153
MAPKAPK5,0.000269542,343,0.5,3.157894737
CDKN2A,0.000265322,292,0.5,3.128599801
CDC6,0.000286697,764,0.5,3.268123138
XRCC4,0.000269542,361,0.333333333,3.157894737
KIF11,0.000287439,638,0.5,3.272591857
DLGAP5,0.000279486,465,0.5,3.223435948
KNTC1,0.000276091,452,0.333333333,3.201588878
MYB,0.000268168,351,0.5,3.148460775
TOPORS,0.000272554,393,0.333333333,3.178252234
NUFIP1,0.000263505,251,0.333333333,3.115690169
SERPINB5,0.00025413,103,0.333333333,3.046176763
HIC1,0.000254001,97,0.333333333,3.045183714
HSPA1A,0.000260281,205,0.333333333,3.092353525
KIF14,0.000276778,483,0.333333333,3.206057597
CD79A,0.000262881,286,0.333333333,3.11122145
FAIM3,0.000260552,212,0.333333333,3.094339623
RFC3,0.00029985,917,0.333333333,3.34409136
CASP1,0.000263366,292,0.333333333,3.11469712
AIF1,0.000257998,175,0.333333333,3.075471698
IGFBP3,0.000258799,184,0.333333333,3.08142999
FOLH1,0.000266028,286,0.333333333,3.133565045
GAPDH,0.000271518,374,0.333333333,3.171300894
WEE1,0.000279877,529,0.333333333,3.22591857
BIRC5,0.000270416,420,0.333333333,3.163853029
TRAT1,0.000258933,184,0.333333333,3.082423039
LCP1,0.00027027,371,0.333333333,3.16285998
CEBPA,0.000272777,415,0.333333333,3.179741807
KAT2B,0.000268384,366,0.333333333,3.149950348
MUC1,0.000284333,533,0.333333333,3.253723932
MAPK14,0.000291375,782,0.5,3.2959285
KIF23,0.000282965,560,0.333333333,3.245283019
TNFRSF10C,0.000253614,98,0.333333333,3.042204568
SPDEF,0.000255363,127,0.333333333,3.055610725
CAV1,0.00026441,295,0.333333333,3.122144985
OIP5,0.000287936,591,0.5,3.275571003
FDXR,0.000259269,184,0.333333333,3.08490566
POLA1,0.000280191,565,0.333333333,3.227904667
CD28,0.000262261,251,0.333333333,3.106752731
IFNB1,0.000255624,130,0.333333333,3.057596822
MCM2,0.000286779,650,0.5,3.268619662
ERG,0.00027248,385,0.333333333,3.17775571
EHMT2,0.000263783,253,0.333333333,3.117676266
REPS2,0.000259202,185,0.333333333,3.084409136
RPA2,0.000275103,478,0.5,3.195134062
CASP3,0.000274876,482,0.5,3.193644489
CTSD,0.000258933,180,0.333333333,3.082423039
SPP1,0.000265322,274,0.333333333,3.128599801
EPHB4,0.000258398,167,0.333333333,3.078450844
EXO1,0.000274952,451,0.333333333,3.194141013
FASLG,0.000263852,269,0.333333333,3.11817279
TAP1,0.000258331,181,0.333333333,3.07795432
ETS2,0.000263227,254,0.5,3.113704071
PIK3R1,0.000294031,802,0.333333333,3.311320755
TRIAP1,0.00026455,266,0.333333333,3.123138034
DAP3,0.000261712,222,0.333333333,3.102780536
RFC4,0.000288101,827,0.333333333,3.276564052
ZMIZ2,0.000256937,150,0.333333333,3.067527309
BBC3,0.000255102,123,0.333333333,3.053624628
PIP5K1A,0.000270563,363,0.333333333,3.164846077
CCNB1,0.000287356,772,0.333333333,3.272095333
MAP2K7,0.000262605,252,0.333333333,3.109235353
CDKN3,0.000275938,442,0.333333333,3.200595829
PCBP4,0.000250941,72,0.333333333,3.021350546
KIF20B,0.000279955,600,0.5,3.226415094
USF2,0.000262467,232,0.333333333,3.108242304
MLH3,0.000254842,118,0.333333333,3.05163853
FLNA,0.000264201,286,0.333333333,3.120655412
RRM2,0.00027137,364,0.333333333,3.170307845
GATA4,0.000255885,126,0.333333333,3.05958292
PAWR,0.000260349,200,0.333333333,3.09285005
CDC20,0.000292912,776,0.5,3.304865938
IKBKB,0.000269978,391,0.333333333,3.160873883
CCNF,0.00026469,291,0.333333333,3.124131082
MAD2L1,0.000290613,716,0.5,3.291459782
NCOA1,0.000274725,465,0.333333333,3.19265144
MBD4,0.000261438,213,0.333333333,3.100794439
MSH4,0.000252589,83,0.333333333,3.034260179
HSP90B1,0.000257003,150,0.333333333,3.068023833
AKT1,0.000279018,574,0.333333333,3.220456802
TIMELESS,0.000266241,314,0.333333333,3.135054618
GPX1,0.000260078,199,0.333333333,3.090863952
BTG2,0.000258331,166,0.333333333,3.07795432
HMGB1,0.000282965,583,0.333333333,3.245283019
BIRC3,0.000273523,451,0.333333333,3.184707051
MAP3K5,0.000276472,499,0.333333333,3.2040715
LMNB1,0.000281928,627,0.333333333,3.238828203
KIAA0101,0.000282167,572,0.333333333,3.240317776
TAF5,0.000271961,395,0.5,3.17428004
MED1,0.000272702,407,0.333333333,3.179245283
PTTG1,0.000275862,457,0.333333333,3.200099305
PRMT1,0.000276014,476,0.333333333,3.201092354
SH2D1A,0.00026455,279,0.333333333,3.123138034
TXK,0.000269179,358,0.333333333,3.155412115
PMAIP1,0.000263852,256,0.333333333,3.11817279
NRIP1,0.000269906,362,0.333333333,3.160377358
TMEM194A,0.000272405,366,0.333333333,3.177259186
RBL1,0.000274952,509,0.5,3.194141013
RAD52,0.000265745,283,0.333333333,3.131578947
PIAS4,0.000258598,179,0.333333333,3.079940417
PIKFYVE,0.000273149,395,0.333333333,3.182224429
ING1,0.000270929,352,0.333333333,3.167328699
SMC4,0.000273149,425,0.333333333,3.182224429
STIL,0.000272554,445,0.333333333,3.178252234
MUC2,0.00025413,99,0.333333333,3.046176763
PAXIP1,0.000280112,503,0.333333333,3.227408143
PRKD3,0.000267308,309,0.333333333,3.142502483
NEK2,0.000279174,510,0.5,3.221449851
GSK3B,0.000276549,491,0.333333333,3.204568024
CD79B,0.000260417,234,0.333333333,3.093346574
CASP10,0.000257069,187,0.333333333,3.068520357
HNRNPA1,0.000261849,262,0.333333333,3.103773585
DDX17,0.000263089,261,0.333333333,3.112711023
RPS6KB1,0.000278707,512,0.333333333,3.218470705
CDT1,0.000274952,430,0.333333333,3.194141013
TNFSF12,0.000250376,78,0.333333333,3.016881827
RBBP7,0.000275862,457,0.5,3.200099305
NFKB1,0.000281849,596,0.333333333,3.238331678
TBXAS1,0.000258799,179,0.333333333,3.08142999
ETV4,0.00026137,220,0.5,3.100297915
ACIN1,0.000270929,360,0.333333333,3.167328699
POLA2,0.000271444,439,0.5,3.170804369
CDC7,0.000293686,769,0.333333333,3.309334657
HMGB2,0.000290276,730,0.5,3.289473684
CYTH2,0.000255951,129,0.333333333,3.060079444
PIP4K2B,0.00026001,194,0.333333333,3.090367428
PELP1,0.000258264,170,0.333333333,3.077457795
MCM4,0.000284495,607,0.333333333,3.254716981
ABL1,0.000283366,582,0.5,3.247765641
RAD51D,0.000251826,81,0.333333333,3.028301887
NUP205,0.000282247,519,0.333333333,3.2408143
SPAG5,0.000267809,341,0.333333333,3.145978153
PGF,0.00026001,196,0.333333333,3.090367428
UBE3A,0.000283768,564,0.333333333,3.250248262
WDHD1,0.000271739,419,0.5,3.172790467
RFC5,0.000275938,461,0.5,3.200595829
FCGR3A,0.00025641,141,0.333333333,3.063555114
RAD21,0.000286944,655,0.333333333,3.269612711
TRIP13,0.000281136,530,0.333333333,3.233862959
PDS5B,0.000266738,313,0.333333333,3.138530288
MCM5,0.00027933,562,0.333333333,3.2224429
ZBTB25,0.000265041,282,0.333333333,3.126613704
NDC80,0.000275558,504,0.333333333,3.198113208
CHUK,0.000283126,586,0.333333333,3.246276068
TFDP2,0.00026295,259,0.333333333,3.111717974
CDIPT,0.000259,178,0.333333333,3.082919563
CD19,0.000260688,217,0.333333333,3.095332671
STMN1,0.000267881,304,0.333333333,3.146474677
RPS6KA3,0.000266951,302,0.333333333,3.140019861
NUP50,0.000271297,384,0.5,3.169811321
IL3,0.000253936,105,0.333333333,3.04468719
PDE9A,0.000257136,148,0.333333333,3.069016882
PRKAB2,0.000256805,148,0.333333333,3.06653426
REV3L,0.000272183,372,0.333333333,3.175769613
NCOA2,0.000276778,499,0.333333333,3.206057597
NCOA6,0.000266099,291,0.333333333,3.134061569
UGCG,0.00026617,289,0.333333333,3.134558093
TRAIP,0.000265322,293,0.333333333,3.128599801
CHAF1A,0.000274424,448,0.333333333,3.190665343
CDK6,0.000278784,525,0.333333333,3.218967229
PI4KB,0.000271076,364,0.333333333,3.168321748
PRIM1,0.000286205,741,0.5,3.265143992
MARK2,0.00026617,294,0.333333333,3.134558093
CCR4,0.00025641,134,0.333333333,3.063555114
NUDT1,0.000271003,352,0.333333333,3.167825223
ESR2,0.000260213,209,0.333333333,3.091857001
IFNA1,0.000253293,91,0.333333333,3.039721946
KIF2C,0.000277546,533,0.5,3.21102284
PIK3C3,0.0002886,638,0.333333333,3.279543198
DUT,0.000290782,710,0.5,3.29245283
BAK1,0.000258933,187,0.333333333,3.082423039
TERF2IP,0.000274499,431,0.5,3.191161867
PIK3CG,0.000271076,409,0.333333333,3.168321748
THRB,0.000270124,354,0.333333333,3.161866931
PTGS2,0.000266099,301,0.333333333,3.134061569
CKS2,0.000287274,736,0.333333333,3.271598808
MCM7,0.000282805,727,0.5,3.24428997
NR1D2,0.000268745,336,0.333333333,3.152432969
JAK1,0.000280112,570,0.5,3.227408143
GADD45A,0.000262605,252,0.333333333,3.109235353
CCND3,0.000268528,366,0.333333333,3.150943396
IFI16,0.000268384,349,0.333333333,3.149950348
DNMT1,0.000287936,673,0.333333333,3.275571003
TROAP,0.000270124,360,0.5,3.161866931
JUN,0.00028885,723,0.333333333,3.281032771
SYF2,0.000260281,201,0.333333333,3.092353525
CDK9,0.000277162,493,0.333333333,3.208540218
ATG13,0.000254518,114,0.333333333,3.049155909
PIP4K2A,0.000275255,427,0.333333333,3.19612711
CKS1B,0.000276319,430,0.333333333,3.203078451
KIFC1,0.000266454,292,0.333333333,3.136544191
POLD3,0.00027533,437,0.333333333,3.196623635
RLF,0.000279408,503,0.333333333,3.222939424
MYBL2,0.000272257,420,0.333333333,3.176266137
CENPA,0.000280505,576,0.333333333,3.229890765
WHSC1,0.000278319,484,0.5,3.215988083
CCNB2,0.000273299,436,0.333333333,3.183217478
SMC3,0.000286533,639,0.333333333,3.267130089
INPP5D,0.000268025,353,0.333333333,3.147467726
PKN2,0.000281136,530,0.333333333,3.233862959
ATM*KDG*,0.000286697,643,0.5,3.268123138
REL,0.000269906,352,0.333333333,3.160377358
AURKB,0.000282885,615,0.5,3.244786495
NCAPD2,0.000275179,463,0.333333333,3.195630586
ICK,0.000265675,291,0.333333333,3.131082423
GABPB1,0.000265041,279,0.333333333,3.126613704
SMAD4,0.000276625,500,0.333333333,3.205064548
SNRK,0.000276702,461,0.333333333,3.205561072
SLC9A3R1,0.000258799,177,0.333333333,3.08142999
SCAF11,0.00027137,368,0.333333333,3.170307845
AGPS,0.000271739,382,0.333333333,3.172790467
TEP1,0.000259202,184,0.333333333,3.084409136
PIK3C2G,0.000254323,112,0.333333333,3.047666336
PIP5K1B,0.000272109,389,0.333333333,3.175273088
VRK1,0.000298507,893,0.333333333,3.336643496
PIK3CD,0.000275179,461,0.333333333,3.195630586
SGMS1,0.000279877,485,0.333333333,3.22591857
LEPR,0.000258933,180,0.333333333,3.082423039
E2F6,0.000259067,181,0.333333333,3.083416087
PPP2R2A,0.000271297,385,0.333333333,3.169811321
BUB1,0.000277085,480,0.5,3.208043694
POLE,0.000263852,267,0.333333333,3.11817279
FHL2,0.000261575,219,0.333333333,3.101787488
CTBP1,0.000259943,209,0.333333333,3.089870904
INPP5B,0.000262881,239,0.333333333,3.11122145
FEN1,0.00028169,561,0.5,3.23733863
RNASEH2A,0.000273448,378,0.5,3.184210526
ATF2,0.00027571,469,0.5,3.199106256
CRKL,0.000269469,369,0.333333333,3.157398213
TFAP2C,0.000269687,336,0.333333333,3.158887786
DNAJC7,0.000255428,121,0.333333333,3.056107249
IGBP1,0.000260892,207,0.333333333,3.096822244
PDK1,0.000265604,285,0.333333333,3.130585899
RARA,0.000268601,371,0.333333333,3.151439921
PIK3C2B,0.00026476,286,0.333333333,3.124627607
SYNJ2,0.000255167,119,0.333333333,3.054121152
NR3C1,0.000277162,510,0.333333333,3.208540218
IL3RA,0.000255558,140,0.333333333,3.057100298
TLK2,0.000283366,558,0.333333333,3.247765641
CASP6,0.000268384,342,0.333333333,3.149950348
CASP7,0.000263435,265,0.333333333,3.115193644
CD86,0.000262743,250,0.333333333,3.110228401
PTPN13,0.000270343,357,0.333333333,3.163356504
NF1,0.000262536,237,0.333333333,3.108738828
EIF4G2,0.000263505,252,0.333333333,3.115690169
ZMYM2,0.000267237,302,0.333333333,3.142005958
FCGR3B,0.000249314,77,0.333333333,3.008440914
CCNE2,0.000266454,301,0.333333333,3.136544191
CRADD,0.000271592,384,0.333333333,3.171797418
INSR,0.00026824,352,0.333333333,3.148957299
PPP1CA,0.000268601,356,0.333333333,3.151439921
DAXX,0.000267809,345,0.333333333,3.145978153
BIRC2,0.000275938,478,0.333333333,3.200595829
OCRL,0.000262674,232,0.333333333,3.109731877
RPS6KA5,0.000271739,389,0.333333333,3.172790467
CASP2,0.000266667,336,0.333333333,3.138033764
NKX3-1,0.000256871,157,0.333333333,3.067030785
KIF22,0.000273823,423,0.333333333,3.186693148
FGFBP1,0.000255363,125,0.333333333,3.055610725
OSBPL8,0.00026295,236,0.333333333,3.111717974
MAST3,0.000257533,162,0.333333333,3.071996028
CX3CL1,0.000254842,112,0.333333333,3.05163853
NFAT5,0.000267451,305,0.333333333,3.143495531
LYN,0.000276319,540,0.333333333,3.203078451
GTSE1,0.000261849,254,0.333333333,3.103773585
EIF4A1,0.000273224,436,0.333333333,3.182720953
TRIM23,0.000268528,326,0.333333333,3.150943396
PIP5K1C,0.000257998,167,0.333333333,3.075471698
DNA2,0.000270051,337,0.333333333,3.161370407
SYNJ1,0.000265463,277,0.333333333,3.12959285
SOCS5,0.000266809,302,0.333333333,3.139026812
PPP2R5E,0.000275406,430,0.333333333,3.197120159
SKP2,0.000275482,475,0.333333333,3.197616683
UBE2A,0.000263644,258,0.333333333,3.116683217
SOCS6,0.000263089,247,0.333333333,3.112711023
EIF4G3,0.000269034,350,0.333333333,3.154419067
TP53BP1,0.000273898,427,0.333333333,3.187189672
CENPF,0.000281373,586,0.5,3.235352532
EIF4EBP1,0.000257136,149,0.333333333,3.069016882
PNRC1,0.000267308,312,0.333333333,3.142502483
CDK8,0.000282326,541,0.333333333,3.241310824
MYCBP2,0.00027115,360,0.333333333,3.168818272
KAT6A,0.000267594,312,0.333333333,3.14448858
NFYA,0.000265111,274,0.333333333,3.127110228
BCR,0.000266241,298,0.333333333,3.135054618
DCK,0.000282008,556,0.333333333,3.239324727
TNIP1,0.000260892,214,0.333333333,3.096822244
POLE3,0.000270563,366,0.5,3.164846077
FRYL,0.000260146,198,0.333333333,3.091360477
PKN1,0.000265182,283,0.333333333,3.127606753
GTF2F1,0.000263713,271,0.333333333,3.117179742
UBXN7,0.000269542,327,0.333333333,3.157894737
SUPT5H,0.000266028,292,0.333333333,3.133565045
TCERG1,0.00029129,645,0.333333333,3.295431976
PAQR4,0.000255297,125,0.333333333,3.055114201
TGFA,0.000268528,320,0.333333333,3.150943396
BCL2,0.000268962,367,0.333333333,3.153922542
PRDM1,0.00026976,354,0.333333333,3.15938431
PRIM2,0.000263644,306,0.333333333,3.116683217
USP1,0.000287026,651,0.333333333,3.270109235
DBF4,0.000280426,593,0.5,3.22939424
HSP90AB1,0.00026476,281,0.333333333,3.124627607
EED,0.000276319,455,0.333333333,3.203078451
ORC2,0.000279642,542,0.333333333,3.224428997
TRAF1,0.00026178,255,0.333333333,3.103277061
FEZ1,0.000257003,141,0.333333333,3.068023833
EPHA2,0.000262192,234,0.333333333,3.106256207
CSE1L,0.000286862,645,0.333333333,3.269116187
FLI1,0.000281373,557,0.333333333,3.235352532
TRADD,0.000259471,222,0.333333333,3.086395233
MAP3K3,0.00027571,455,0.333333333,3.199106256
JUNB,0.000256805,171,0.333333333,3.06653426
PKNOX1,0.000258465,169,0.333333333,3.078947368
ARHGAP11A,0.000268817,325,0.333333333,3.152929494
WIPF1,0.000272628,421,0.333333333,3.178748759
RFC2,0.000271076,413,0.333333333,3.168321748
TMEM106C,0.000265322,291,0.333333333,3.128599801
YTHDF3,0.000266454,279,0.333333333,3.136544191
ABI1,0.000261575,224,0.333333333,3.101787488
HDAC1,0.000289184,750,0.333333333,3.283018868
UBE2C,0.000275482,493,0.333333333,3.197616683
TRAPPC8,0.000276855,451,0.333333333,3.206554121
BTK,0.000273299,454,0.333333333,3.183217478
COPS6,0.000259538,194,0.333333333,3.086891758
TEX30,0.000256871,156,0.333333333,3.067030785
JUND,0.000258131,179,0.333333333,3.076464747
SIK1,0.000266951,310,0.333333333,3.140019861
DHCR24,0.000258933,172,0.333333333,3.082423039
RPP30,0.000268601,341,0.333333333,3.151439921
UBXN2B,0.000256082,135,0.333333333,3.061072493
POLR2B,0.000293858,730,0.333333333,3.310327706
BID,0.000262329,253,0.333333333,3.107249255
CDKN1A,0.000274725,464,0.333333333,3.19265144
KMT2A,0.000274048,423,0.333333333,3.188182721
RSBN1,0.000270783,364,0.333333333,3.16633565
PTN,0.000264131,250,0.333333333,3.120158888
KDM5A,0.000259134,185,0.333333333,3.083912612
TBP,0.000269906,371,0.333333333,3.160377358
IGF1R,0.00027571,455,0.333333333,3.199106256
BRSK2,0.00026295,240,0.333333333,3.111717974
C6orf62,0.000257599,162,0.333333333,3.072492552
CDKN1B,0.000270197,384,0.333333333,3.162363456
FAM208A,0.000263505,257,0.333333333,3.115690169
BIK,0.000259538,195,0.333333333,3.086891758
SP110,0.000263574,247,0.333333333,3.116186693
HSP90AA1,0.000282566,576,0.333333333,3.242800397
RB1,0.000278552,574,0.333333333,3.217477656
TYR,0.000262398,232,0.333333333,3.10774578
VAV1,0.000269469,383,0.333333333,3.157398213
LRRC37A3,0.000251953,73,0.333333333,3.029294935
CCNH,0.000266028,314,0.5,3.133565045
ATRX,0.000265816,289,0.333333333,3.132075472
CNTRL,0.00026448,276,0.333333333,3.122641509
SMARCE1,0.000269107,371,0.333333333,3.154915591
MAFK,0.000257069,154,0.333333333,3.068520357
RHEB,0.000257467,158,0.333333333,3.071499503
HDAC2,0.000285144,627,0.333333333,3.258689176
GADD45G,0.000258198,179,0.333333333,3.076961271
RRP7A,0.000255885,141,0.333333333,3.05958292
CUL2,0.000271592,394,0.333333333,3.171797418
FES,0.000268962,357,0.333333333,3.153922542
TNF,0.00026462,296,0.333333333,3.123634558
KIT,0.000271003,391,0.333333333,3.167825223
EGFR,0.000284252,641,0.333333333,3.253227408
KARS,0.000269251,345,0.333333333,3.15590864
ASF1A,0.000266028,298,0.333333333,3.133565045
CBFB,0.000282885,580,0.333333333,3.244786495
PIK3R2,0.000265675,313,0.333333333,3.131082423
CDC25B,0.000270563,363,0.333333333,3.164846077
DDX3X,0.000263089,251,0.333333333,3.112711023
TMPRSS2,0.000261575,229,0.333333333,3.101787488
ASH2L,0.00027049,349,0.333333333,3.164349553
NR5A2,0.00026441,262,0.333333333,3.122144985
RPL5,0.000258465,180,0.333333333,3.078947368
MRC1,0.000255754,128,0.333333333,3.058589871
MAP3K7,0.000295508,794,0.333333333,3.319761668
IRS4,0.000256608,141,0.333333333,3.065044687
RBBP6,0.000270929,358,0.5,3.167328699
ERCC5,0.000276167,444,0.333333333,3.202085402
TYK2,0.000273,418,0.333333333,3.18123138
TP53BP2,0.000275255,423,0.333333333,3.19612711
RCOR1,0.000271223,371,0.333333333,3.169314796
RNF139,0.000269179,338,0.333333333,3.155412115
SRR,0.000256674,141,0.333333333,3.065541212
AKT3,0.00027049,364,0.333333333,3.164349553
DUSP5,0.000262881,235,0.333333333,3.11122145
RNASEH2B,0.000277316,472,0.333333333,3.209533267
EGR1,0.00026824,346,0.333333333,3.148957299
MBNL2,0.000259808,187,0.333333333,3.088877855
GAB1,0.000264901,311,0.333333333,3.125620655
APOBEC3G,0.000258264,168,0.333333333,3.077457795
MGEA5,0.000262743,233,0.333333333,3.110228401
SMARCD1,0.000267237,321,0.5,3.142005958
ZNF217,0.00028401,558,0.333333333,3.251737835
CD27,0.000267881,357,0.333333333,3.146474677
ELF1,0.000273598,397,0.333333333,3.185203575
PARP1,0.000285959,616,0.333333333,3.263654419
TFAP2A,0.000258131,171,0.333333333,3.076464747
ITGB3BP,0.000281532,589,0.5,3.236345581
AFP,0.000257666,155,0.333333333,3.072989076
SMCHD1,0.000262674,230,0.333333333,3.109731877
RECQL5,0.000257533,156,0.333333333,3.071996028
SUZ12,0.000278009,486,0.333333333,3.214001986
NPC1,0.000254453,111,0.333333333,3.048659384
AKAP8L,0.000261712,219,0.333333333,3.102780536
KIN,0.000264901,265,0.333333333,3.125620655
SMC1A,0.000269542,358,0.333333333,3.157894737
UPF1,0.000263644,254,0.333333333,3.116683217
MS4A1,0.000267738,358,0.333333333,3.145481629
MED13,0.000265322,285,0.333333333,3.128599801
KLKB1,0.000254001,103,0.333333333,3.045183714
AATF,0.000277085,457,0.333333333,3.208043694
CUL5,0.000271665,390,0.333333333,3.172293942
DNAJC9,0.000276396,432,0.5,3.203574975
SCAMP1,0.000259875,194,0.333333333,3.089374379
E2F3,0.000273598,440,0.5,3.185203575
ACAP2,0.000275103,413,0.333333333,3.195134062
BCL3,0.000261917,232,0.333333333,3.104270109
HMGA1,0.000269542,376,0.333333333,3.157894737
DDX11,0.000263783,245,0.333333333,3.117676266
SRSF10,0.000268889,359,0.333333333,3.153426018
UBE4B,0.000263992,246,0.333333333,3.119165839
UTP18,0.000268168,330,0.333333333,3.148460775
H2AFZ,0.000288767,726,0.5,3.280536246
MORC3,0.000272926,381,0.333333333,3.180734856
NPEPPS,0.000260281,201,0.333333333,3.092353525
CDKN2C,0.000267237,316,0.333333333,3.142005958
ACTL6A,0.000289436,757,0.333333333,3.284508441
IL5,0.000258665,178,0.333333333,3.080436941
RASA2,0.000272554,385,0.333333333,3.178252234
BHLHE40,0.000273823,408,0.333333333,3.186693148
CBX1,0.000271887,381,0.333333333,3.173783515
KRAS,0.000268601,338,0.333333333,3.151439921
GAB2,0.000275558,477,0.333333333,3.198113208
OXSR1,0.00027571,436,0.333333333,3.199106256
ACACB,0.000259808,184,0.333333333,3.088877855
TRIM33,0.000272183,382,0.333333333,3.175769613
MAP2K2,0.00026688,326,0.333333333,3.139523337
ZNF136,0.000265745,285,0.333333333,3.131578947
ASXL1,0.000265957,283,0.333333333,3.13306852
P2RX4,0.000262055,222,0.333333333,3.105263158
EGF,0.00026137,222,0.333333333,3.100297915
MSX1,0.000267094,297,0.333333333,3.14101291
BLMH,0.000278009,488,0.333333333,3.214001986
NFYB,0.000266312,289,0.333333333,3.135551142
ORC1,0.000273149,455,0.333333333,3.182224429
NR0B2,0.0002574,164,0.333333333,3.071002979
GAPVD1,0.000269614,336,0.333333333,3.158391261
TCF4,0.00028547,582,0.333333333,3.260675273
DDIT4,0.000259538,185,0.333333333,3.086891758
IL7,0.000269397,361,0.333333333,3.156901688
KMT2D,0.000253807,104,0.333333333,3.043694141
HAUS5,0.000256937,144,0.333333333,3.067527309
KMT2B,0.0002574,153,0.333333333,3.071002979
RRAS2,0.000272702,395,0.333333333,3.179245283
TMEM97,0.000260688,198,0.333333333,3.095332671
ADNP,0.000280662,509,0.333333333,3.230883813
MED13L,0.000270197,355,0.333333333,3.162363456
PVRL3,0.000264831,266,0.333333333,3.125124131
IQGAP1,0.000272405,394,0.333333333,3.177259186
HIRIP3,0.00026137,208,0.333333333,3.100297915
ADD3,0.000273973,406,0.333333333,3.187686197
ACACA,0.000267094,305,0.333333333,3.14101291
PAPD7,0.000273598,394,0.333333333,3.185203575
WBP4,0.000263019,245,0.333333333,3.112214499
POLD1,0.000274123,430,0.333333333,3.188679245
SLK,0.000265111,272,0.333333333,3.127110228
AIM2,0.00026062,227,0.333333333,3.094836147
ERCC3,0.000271518,385,0.333333333,3.171300894
NFATC3,0.000263922,255,0.333333333,3.118669315
TMPO,0.000286041,608,0.333333333,3.264150943
ACTR2,0.000271003,384,0.333333333,3.167825223
KIAA0922,0.00027049,361,0.333333333,3.164349553
KDM6A,0.000258331,169,0.333333333,3.07795432
PRPF4B,0.000272109,395,0.333333333,3.175273088
SUGP2,0.000260078,196,0.333333333,3.090863952
INPP5E,0.000259336,178,0.333333333,3.085402185
ELK1,0.000259471,195,0.333333333,3.086395233
SETDB1,0.000271076,380,0.333333333,3.168321748
SOS1,0.000279096,513,0.333333333,3.220953327
IRF2,0.000284576,581,0.5,3.255213505
ATN1,0.000254001,98,0.333333333,3.045183714
TNFRSF10D,0.000255624,128,0.333333333,3.057596822
BAX,0.000267451,318,0.333333333,3.143495531
PLCE1,0.000252143,82,0.333333333,3.030784508
RAD17,0.000262329,253,0.333333333,3.107249255
FLT1,0.000270856,375,0.333333333,3.166832175
TRIO,0.000273299,401,0.333333333,3.183217478
TRDMT1,0.000258799,178,0.333333333,3.08142999
EFCAB14,0.000263644,251,0.333333333,3.116683217
PDPK1,0.000273373,437,0.333333333,3.183714002
CSK,0.000273748,445,0.333333333,3.186196624
CHD3,0.000266667,308,0.333333333,3.138033764
IRS1,0.000269107,371,0.333333333,3.154915591
TRAF6,0.000267594,343,0.333333333,3.14448858
PIGR,0.000259067,174,0.333333333,3.083416087
POU2AF1,0.00027027,367,0.333333333,3.16285998
TNFRSF1A,0.000270709,409,0.333333333,3.165839126
CEP135,0.000260213,207,0.333333333,3.091857001
VIM,0.000272405,398,0.5,3.177259186
DENND4A,0.000261575,211,0.333333333,3.101787488
GABPA,0.000272035,372,0.333333333,3.174776564
NR5A1,0.000255689,132,0.333333333,3.058093347
NELFB,0.00026455,259,0.333333333,3.123138034
NFATC2IP,0.00026455,260,0.333333333,3.123138034
CDC34,0.000254001,105,0.333333333,3.045183714
SRF,0.000258198,174,0.333333333,3.076961271
ZC3H13,0.000263435,248,0.333333333,3.115193644
MTAP,0.000263713,247,0.333333333,3.117179742
SEPT11,0.000274424,417,0.333333333,3.190665343
GADD45B,0.0002574,171,0.333333333,3.071002979
MAP4K2,0.000264131,266,0.333333333,3.120158888
TP53TG5,0.000236016,21,0.333333333,2.896226415
ADSS,0.000269906,349,0.333333333,3.160377358
RASA1,0.000278242,499,0.333333333,3.215491559
CD2,0.000263922,284,0.333333333,3.118669315
RBL2,0.000272035,402,0.333333333,3.174776564
DHX8,0.00026976,360,0.333333333,3.15938431
PKM,0.00026462,265,0.333333333,3.123634558
LPAR2,0.000258933,172,0.333333333,3.082423039
EPS15,0.000286451,623,0.333333333,3.266633565
STAT3,0.000278319,572,0.333333333,3.215988083
PRKAG1,0.000263366,253,0.333333333,3.11469712
DDX52,0.000261165,209,0.333333333,3.098808342
NIPBL,0.000274952,441,0.333333333,3.194141013
CSTF3,0.000275938,459,0.333333333,3.200595829
CEP152,0.000269107,328,0.333333333,3.154915591
CTNNAL1,0.000269614,337,0.333333333,3.158391261
IL1R1,0.000259202,199,0.333333333,3.084409136
RAD1,0.000263435,265,0.333333333,3.115193644
PPM1A,0.000267165,307,0.333333333,3.141509434
PLCB3,0.000258598,169,0.333333333,3.079940417
EPCAM,0.000259875,190,0.333333333,3.089374379
SLBP,0.000286123,587,0.333333333,3.264647468
COQ7,0.000263574,239,0.333333333,3.116186693
BAZ1B,0.000269107,353,0.333333333,3.154915591
ZHX2,0.000275786,444,0.333333333,3.199602781
CD40,0.000269251,355,0.333333333,3.15590864
SUPT20H,0.0002574,157,0.333333333,3.071002979
MAP4K4,0.000284657,577,0.333333333,3.25571003
GFRA1,0.000279096,467,0.333333333,3.220953327
SMARCA4,0.000275406,466,0.333333333,3.197120159
MTMR4,0.000262192,224,0.333333333,3.106256207
SUPT4H1,0.000259403,185,0.333333333,3.085898709
HDAC3,0.000267308,336,0.333333333,3.142502483
TELO2,0.000261165,216,0.333333333,3.098808342
RASSF1,0.000254842,122,0.333333333,3.05163853
CALR,0.000255951,136,0.333333333,3.060079444
LNPEP,0.000271444,368,0.333333333,3.170804369
SMARCC1,0.000276702,500,0.333333333,3.205561072
VLDLR,0.000263366,247,0.333333333,3.11469712
SMARCA2,0.00028393,567,0.333333333,3.251241311
SMARCD2,0.000261438,215,0.333333333,3.100794439
ZNF510,0.000257334,152,0.333333333,3.070506455
TAF4,0.00026462,264,0.333333333,3.123634558
JMJD1C,0.000261301,206,0.333333333,3.09980139
WNK1,0.000280978,516,0.333333333,3.232869911
ERBB3,0.000267165,331,0.333333333,3.141509434
SETD1A,0.000258465,167,0.333333333,3.078947368
GTF2H1,0.000266312,307,0.333333333,3.135551142
CDC40,0.000267738,322,0.333333333,3.145481629
MSH3,0.000259808,192,0.333333333,3.088877855
UVRAG,0.000280112,522,0.333333333,3.227408143
PSEN1,0.000261506,227,0.333333333,3.101290963
TGIF1,0.000258598,174,0.333333333,3.079940417
GRB2,0.000277393,568,0.333333333,3.210029791
APAF1,0.000269906,351,0.333333333,3.160377358
SMPD1,0.000261643,220,0.333333333,3.102284012
DEK,0.000288684,641,0.333333333,3.280039722
MLXIP,0.000254065,108,0.333333333,3.045680238
PTPN6,0.000269107,408,0.333333333,3.154915591
YAF2,0.000260688,208,0.333333333,3.095332671
ORC3,0.000268889,354,0.333333333,3.153426018
NRF1,0.00026441,265,0.333333333,3.122144985
NCAPD3,0.000272628,377,0.333333333,3.178748759
DNAJA3,0.000263435,239,0.5,3.115193644
STK4,0.000276167,464,0.333333333,3.202085402
TLK1,0.000272109,381,0.333333333,3.175273088
HIF1A,0.000270416,387,0.333333333,3.163853029
ARIH2,0.000265252,277,0.333333333,3.128103277
PLCG2,0.000272851,458,0.333333333,3.180238332
TOR1A,0.000261028,217,0.333333333,3.097815293
ZNF148,0.000259471,186,0.333333333,3.086395233
CSF2,0.000255167,126,0.333333333,3.054121152
CIT,0.000281849,518,0.333333333,3.238331678
RELN,0.000269397,352,0.333333333,3.156901688
PTPRC,0.000274574,463,0.333333333,3.191658391
PARP4,0.000262605,228,0.333333333,3.109235353
FBL,0.00027972,554,0.333333333,3.224925521
RNF8,0.000260281,212,0.333333333,3.092353525
ESRRA,0.000254582,111,0.333333333,3.049652433
RFXAP,0.00027027,365,0.333333333,3.16285998
SLC29A1,0.000265534,273,0.333333333,3.130089374
DGKA,0.00026469,282,0.333333333,3.124131082
NR1H3,0.000258732,181,0.333333333,3.080933466
PJA2,0.000272405,391,0.333333333,3.177259186
DTYMK,0.000265816,281,0.333333333,3.132075472
FGFR1OP,0.000263574,254,0.333333333,3.116186693
IL1A,0.000262743,242,0.333333333,3.110228401
LIG3,0.000269324,345,0.333333333,3.156405164
PKIA,0.00026295,239,0.333333333,3.111717974
GRB14,0.000266454,292,0.333333333,3.136544191
C12orf29,0.000257931,163,0.333333333,3.074975174
PAK2,0.000276396,459,0.333333333,3.203574975
RAB28,0.00026448,262,0.333333333,3.122641509
MPHOSPH9,0.000271665,393,0.333333333,3.172293942
HELZ,0.000266383,292,0.333333333,3.136047666
ING3,0.000263644,251,0.333333333,3.116683217
SMIM8,0.000254001,102,0.333333333,3.045183714
CDC5L,0.000268097,331,0.333333333,3.14796425
RANBP9,0.000264971,270,0.333333333,3.12611718
FEM1B,0.000265745,288,0.333333333,3.131578947
MAP4K1,0.000268528,359,0.333333333,3.150943396
KPNA5,0.000262674,235,0.333333333,3.109731877
KPNA2,0.000278009,472,0.333333333,3.214001986
BAZ1A,0.000275938,463,0.333333333,3.200595829
CRK,0.000268745,366,0.333333333,3.152432969
APP,0.000292398,699,0.333333333,3.301886792
KPNA3,0.000270709,370,0.333333333,3.165839126
ATF6,0.000262398,231,0.5,3.10774578
EIF4E,0.000277546,487,0.5,3.21102284
SLC43A1,0.000256937,145,0.333333333,3.067527309
LIF,0.000257334,156,0.333333333,3.070506455
CENPI,0.00026178,258,0.333333333,3.103277061
YWHAB,0.00027248,415,0.333333333,3.17775571
GART,0.000277624,496,0.333333333,3.211519364
ACYP1,0.00026976,356,0.333333333,3.15938431
SOX4,0.000270636,356,0.333333333,3.165342602
TPR,0.000266312,308,0.333333333,3.135551142
HMGN1,0.00026976,353,0.333333333,3.15938431
NR2C1,0.000263783,267,0.333333333,3.117676266
PDCD4,0.000273448,403,0.333333333,3.184210526
RBM38,0.000265463,275,0.333333333,3.12959285
NGFR,0.000270124,360,0.333333333,3.161866931
IL2RG,0.00026738,369,0.333333333,3.142999007
CKAP5,0.000272702,404,0.333333333,3.179245283
TARBP1,0.000265745,279,0.333333333,3.131578947
RUNX1,0.000282167,564,0.333333333,3.240317776
TTLL12,0.000257599,160,0.333333333,3.072492552
SIAH1,0.000274198,420,0.333333333,3.18917577
DCP2,0.000264831,264,0.333333333,3.125124131
CDK13,0.000269687,346,0.333333333,3.158887786
ICOS,0.00027248,377,0.333333333,3.17775571
KIAA1033,0.000268097,315,0.333333333,3.14796425
SH2B2,0.000259808,206,0.333333333,3.088877855
XPO1,0.000293427,785,0.333333333,3.307845084
CYLD,0.000256213,145,0.333333333,3.062065541
CLP1,0.000266383,293,0.333333333,3.136047666
S1PR1,0.0002574,160,0.333333333,3.071002979
MS4A2,0.000254907,124,0.333333333,3.052135055
PTGS1,0.00026455,263,0.333333333,3.123138034
BLK,0.000269034,378,0.333333333,3.154419067
EIF2AK1,0.000261849,221,0.333333333,3.103773585
H3F3B,0.000263227,247,0.333333333,3.113704071
ANAPC10,0.000269542,346,0.333333333,3.157894737
NASP,0.000271076,351,0.333333333,3.168321748
CCNT1,0.000267237,322,0.333333333,3.142005958
PUM2,0.00027894,492,0.333333333,3.219960278
E2F5,0.000267881,331,0.333333333,3.146474677
RAB2A,0.000265675,280,0.333333333,3.131082423
PSEN2,0.000261917,223,0.333333333,3.104270109
GPD2,0.000261986,225,0.333333333,3.104766634
TWIST1,0.000257998,171,0.333333333,3.075471698
PRPF18,0.000266738,296,0.333333333,3.138530288
WDR77,0.000275103,439,0.333333333,3.195134062
SENP6,0.000269251,336,0.333333333,3.15590864
SLC25A4,0.000260349,199,0.333333333,3.09285005
CUL4A,0.000265745,289,0.333333333,3.131578947
AGTPBP1,0.000252908,91,0.333333333,3.0367428
LCK,0.000269542,415,0.333333333,3.157894737
IL1B,0.000258799,192,0.333333333,3.08142999
IL4R,0.000263227,276,0.333333333,3.113704071
CD80,0.000259134,180,0.5,3.083912612
LY9,0.000259673,188,0.333333333,3.087884806
ACD,0.000262812,243,0.333333333,3.110724926
CELF1,0.000267165,302,0.333333333,3.141509434
STAU2,0.00027049,357,0.333333333,3.164349553
LEP,0.000257666,165,0.333333333,3.072989076
IL5RA,0.000257599,160,0.333333333,3.072492552
BCL2L11,0.000261233,222,0.333333333,3.099304866
SHC1,0.000266312,365,0.333333333,3.135551142
NCL,0.000272405,420,0.333333333,3.177259186
NHP2L1,0.000258398,176,0.333333333,3.078450844
RBBP4,0.000286533,690,0.333333333,3.267130089
APEX1,0.000277085,495,0.333333333,3.208043694
CTNNB1,0.000292056,748,0.333333333,3.299900695
GLE1,0.000272257,392,0.333333333,3.176266137
STAG2,0.000271003,368,0.333333333,3.167825223
PPP2R2B,0.000266951,310,0.333333333,3.140019861
UBR2,0.000271813,370,0.333333333,3.173286991
POLR3F,0.000264131,253,0.333333333,3.120158888
ECD,0.000258465,168,0.333333333,3.078947368
SP100,0.000264131,262,0.333333333,3.120158888
USP13,0.000273,409,0.333333333,3.18123138
CD96,0.000257666,169,0.333333333,3.072989076
AKAP5,0.00025641,138,0.333333333,3.063555114
SHB,0.000253485,103,0.333333333,3.041211519
ENTPD4,0.000262812,234,0.333333333,3.110724926
RANBP2,0.000274424,429,0.333333333,3.190665343
GH1,0.000253678,102,0.333333333,3.042701092
SRC,0.000272183,452,0.333333333,3.175769613
AKAP10,0.000273823,408,0.333333333,3.186693148
IRS2,0.000276091,448,0.333333333,3.201588878
CBLB,0.000266596,318,0.333333333,3.137537239
AHR,0.000276396,467,0.333333333,3.203574975
PPM1B,0.000266596,291,0.333333333,3.137537239
GRK6,0.000267523,322,0.333333333,3.143992056
PDE3B,0.000257533,154,0.333333333,3.071996028
NPAT,0.000265322,276,0.333333333,3.128599801
KHDRBS1,0.000272035,399,0.333333333,3.174776564
AC004381.6,0.000261575,220,0.333333333,3.101787488
MNAT1,0.000269687,347,0.333333333,3.158887786
GPATCH8,0.000266028,276,0.333333333,3.133565045
TRRAP,0.000278009,495,0.333333333,3.214001986
ITGAV,0.000264971,288,0.333333333,3.12611718
AKT2,0.000271003,385,0.333333333,3.167825223
NRAS,0.000278164,488,0.333333333,3.214995035
TOP1,0.000290867,673,0.5,3.292949355
ZNF253,0.000256871,149,0.333333333,3.067030785
SPOP,0.000262329,232,0.333333333,3.107249255
FLT3,0.000262674,244,0.333333333,3.109731877
ZNF264,0.000261506,213,0.333333333,3.101290963
CCT4,0.000273598,422,0.333333333,3.185203575
EYA1,0.00026617,284,0.333333333,3.134558093
THOC1,0.000273748,406,0.333333333,3.186196624
PSMD11,0.000266951,320,0.333333333,3.140019861
DHX15,0.000292826,717,0.333333333,3.304369414
HIVEP1,0.000273823,414,0.333333333,3.186693148
CTPS1,0.000276091,440,0.333333333,3.201588878
SHOC2,0.000274876,411,0.333333333,3.193644489
TPGS2,0.000265393,268,0.333333333,3.129096326
EIF3A,0.000266028,292,0.333333333,3.133565045
TFRC,0.000269906,350,0.333333333,3.160377358
PTPN7,0.000267094,322,0.333333333,3.14101291
TAOK3,0.000270343,358,0.333333333,3.163356504
CD72,0.000257268,180,0.333333333,3.07000993
ITGB1BP1,0.000260078,194,0.333333333,3.090863952
ITGA2B,0.000257202,151,0.333333333,3.069513406
MFN1,0.000263435,242,0.333333333,3.115193644
CCNT2,0.000274348,425,0.333333333,3.190168818
TFDP1,0.000274876,451,0.333333333,3.193644489
C10orf137,0.000266028,287,0.333333333,3.133565045
IGF1,0.000259808,194,0.333333333,3.088877855
SMAD1,0.000277393,479,0.333333333,3.210029791
ZNF131,0.000260824,205,0.333333333,3.09632572
BLCAP,0.000263783,246,0.333333333,3.117676266
CLCA1,0.00025227,79,0.333333333,3.031777557
OSER1,0.000261506,213,0.333333333,3.101290963
NPTN,0.000265252,275,0.333333333,3.128103277
NME1,0.000271076,409,0.333333333,3.168321748
MIOS,0.000259943,193,0.333333333,3.089870904
MAP4K5,0.000270124,352,0.333333333,3.161866931
TGFBRAP1,0.000259875,191,0.333333333,3.089374379
RAN,0.000274048,425,0.333333333,3.188182721
DHX9,0.00027894,542,0.333333333,3.219960278
FER,0.000277085,451,0.333333333,3.208043694
LYST,0.000264271,263,0.333333333,3.121151936
DUSP1,0.000262812,242,0.333333333,3.110724926
PPARG,0.000268817,351,0.333333333,3.152929494
ETS1,0.000263227,276,0.333333333,3.113704071
DAPK3,0.000258198,170,0.333333333,3.076961271
CCDC130,0.000262536,227,0.333333333,3.108738828
ADIPOQ,0.000260417,201,0.333333333,3.093346574
CSNK2A1,0.000294551,818,0.333333333,3.314299901
WDR62,0.000258933,178,0.333333333,3.082423039
THPO,0.0002531,91,0.333333333,3.038232373
ILF2,0.000286287,613,0.333333333,3.265640516
PLCB4,0.000274048,403,0.333333333,3.188182721
RPL39L,0.000262123,218,0.5,3.105759682
CTNND1,0.000262605,241,0.333333333,3.109235353
TXNRD1,0.000264901,272,0.333333333,3.125620655
BTRC,0.000268384,336,0.333333333,3.149950348
MAPK8,0.00026976,396,0.333333333,3.15938431
TANK,0.00027049,367,0.333333333,3.164349553
PTBP1,0.000273,425,0.333333333,3.18123138
IL23A,0.000253807,107,0.333333333,3.043694141
NFYC,0.00026295,243,0.333333333,3.111717974
ARHGAP5,0.000258866,177,0.333333333,3.081926514
YTHDC2,0.00027049,364,0.333333333,3.164349553
TBX2,0.000253678,92,0.333333333,3.042701092
ZNF652,0.000263852,257,0.333333333,3.11817279
ITGA4,0.000273,418,0.333333333,3.18123138
MAPK1,0.000285063,679,0.333333333,3.258192651
B3GALT5,0.000253743,97,0.333333333,3.043197617
NOLC1,0.000279877,502,0.333333333,3.22591857
PPP1R16B,0.000269687,334,0.333333333,3.158887786
BPHL,0.00025413,102,0.333333333,3.046176763
POLR2D,0.000272257,406,0.333333333,3.176266137
FABP5,0.000267094,310,0.333333333,3.14101291
NFATC4,0.000254647,111,0.333333333,3.050148957
RNMT,0.000263992,262,0.333333333,3.119165839
USP12,0.000273823,403,0.333333333,3.186693148
GGCT,0.000263505,242,0.333333333,3.115690169
UBE2D1,0.00026738,326,0.333333333,3.142999007
ARIH1,0.000273448,402,0.333333333,3.184210526
RFC1,0.000269107,368,0.333333333,3.154915591
CR2,0.000261575,234,0.333333333,3.101787488
CCNA1,0.000263158,263,0.5,3.113207547
CSF2RA,0.000253485,118,0.333333333,3.041211519
IL4,0.000258398,176,0.333333333,3.078450844
FOXJ3,0.000265041,272,0.333333333,3.126613704
IMPA1,0.000263158,245,0.333333333,3.113207547
EXOSC9,0.000275255,474,0.5,3.19612711
HBP1,0.000268168,321,0.333333333,3.148460775
CSNK2A2,0.000277316,488,0.333333333,3.209533267
FCER1A,0.000259403,190,0.333333333,3.085898709
C18orf25,0.00026617,281,0.333333333,3.134558093
P2RX1,0.000253421,97,0.333333333,3.040714995
GIT2,0.000268889,330,0.333333333,3.153426018
BUB3,0.000274348,474,0.333333333,3.190168818
TSC22D2,0.00026617,289,0.333333333,3.134558093
IFNAR2,0.000273149,414,0.333333333,3.182224429
RRN3,0.000269614,341,0.333333333,3.158391261
CDC14B,0.000253807,103,0.333333333,3.043694141
HSF2,0.000270636,365,0.333333333,3.165342602
VAV2,0.000269614,367,0.333333333,3.158391261
TOP3A,0.000262192,234,0.333333333,3.106256207
SSRP1,0.000278629,501,0.333333333,3.217974181
EXOSC8,0.000272554,378,0.333333333,3.178252234
C6orf120,0.000251699,85,0.333333333,3.027308838
SYK,0.0002849,647,0.333333333,3.257199603
ANKRD17,0.000277162,464,0.333333333,3.208540218
SET,0.000287936,632,0.333333333,3.275571003
NUP153,0.000283849,585,0.333333333,3.250744786
ATIC,0.000291971,737,0.333333333,3.299404171
CD22,0.000257268,174,0.333333333,3.07000993
DDX39A,0.000275862,436,0.333333333,3.200099305
ALMS1,0.000270856,355,0.333333333,3.166832175
MED21,0.00026295,250,0.333333333,3.111717974
SAP18,0.00026434,264,0.333333333,3.121648461
PLAGL2,0.000262055,236,0.333333333,3.105263158
CDK7,0.00028177,554,0.333333333,3.237835154
CDKN2D,0.00025974,190,0.333333333,3.088381331
RAC2,0.000264201,292,0.333333333,3.120655412
ZNF91,0.000258665,182,0.333333333,3.080436941
TUBGCP3,0.000265745,288,0.333333333,3.131578947
COA1,0.000260349,202,0.333333333,3.09285005
ARNT,0.000269324,356,0.333333333,3.156405164
LPIN1,0.00026455,260,0.333333333,3.123138034
TBC1D31,0.000266596,293,0.333333333,3.137537239
IMPDH1,0.000259202,181,0.333333333,3.084409136
SIK3,0.000284414,566,0.333333333,3.254220457
CHMP2B,0.00027049,348,0.333333333,3.164349553
FXR1,0.000264271,270,0.333333333,3.121151936
CEP350,0.000269614,338,0.333333333,3.158391261
NUMA1,0.000258866,173,0.333333333,3.081926514
STK38,0.000271518,385,0.333333333,3.171300894
KPNB1,0.000278087,521,0.5,3.21449851
BTAF1,0.000276702,443,0.333333333,3.205561072
SPEN,0.000271592,385,0.333333333,3.171797418
LTN1,0.000265252,273,0.333333333,3.128103277
PFKM,0.000264061,263,0.333333333,3.119662363
SETX,0.000262674,230,0.333333333,3.109731877
PIAS3,0.000257202,155,0.333333333,3.069513406
RCN2,0.000269034,327,0.5,3.154419067
TRIM32,0.000273448,397,0.333333333,3.184210526
PASK,0.000265745,281,0.333333333,3.131578947
FASTKD2,0.00026469,269,0.333333333,3.124131082
RCC1,0.000281373,527,0.333333333,3.235352532
PRKCB,0.000269614,395,0.333333333,3.158391261
LBR,0.000290192,673,0.333333333,3.28897716
ESRRB,0.000259471,186,0.333333333,3.086395233
NUP155,0.000275028,452,0.333333333,3.194637537
PRPF4,0.00026617,314,0.333333333,3.134558093
EREG,0.000254972,116,0.333333333,3.052631579
PRPF40A,0.000265675,296,0.333333333,3.131082423
ANKRD40,0.000257467,157,0.333333333,3.071499503
ARHGAP4,0.000263089,261,0.333333333,3.112711023
C1orf21,0.000269251,327,0.333333333,3.15590864
PAX2,0.000261849,219,0.333333333,3.103773585
IFNGR1,0.000265393,286,0.333333333,3.129096326
TCF3,0.000271961,405,0.333333333,3.17428004
ZBTB6,0.000266596,303,0.333333333,3.137537239
U2SURP,0.000259,180,0.333333333,3.082919563
FMR1,0.00026688,300,0.333333333,3.139523337
RCBTB2,0.0002574,156,0.333333333,3.071002979
LPXN,0.000272777,423,0.333333333,3.179741807
CAND1,0.000296121,752,0.333333333,3.323237339
PUM1,0.000279252,500,0.333333333,3.221946375
ABCB1,0.00026448,271,0.333333333,3.122641509
EXOSC2,0.000272331,418,0.333333333,3.176762661
CBX3,0.000277469,511,0.333333333,3.210526316
SCAI,0.000257003,149,0.333333333,3.068023833
IL6ST,0.000265463,310,0.333333333,3.12959285
EML3,0.000256871,142,0.333333333,3.067030785
TNFRSF25,0.000263435,258,0.333333333,3.115193644
NR1H2,0.000263574,261,0.333333333,3.116186693
RSRC2,0.000269542,333,0.333333333,3.157894737
UBE2V2,0.000279018,478,0.333333333,3.220456802
DZIP3,0.000263089,247,0.333333333,3.112711023
BRPF1,0.000265534,290,0.333333333,3.130089374
CSTF2,0.00026448,285,0.333333333,3.122641509
DUSP6,0.000263922,263,0.333333333,3.118669315
PLAU,0.000254065,110,0.333333333,3.045680238
ZNF274,0.000260146,192,0.333333333,3.091360477
RAPGEF1,0.000281928,531,0.333333333,3.238828203
RELB,0.000263296,261,0.333333333,3.114200596
AMT,0.000255037,116,0.333333333,3.053128103
SNTB2,0.000257732,161,0.333333333,3.073485601
SNRPA1,0.000274801,434,0.333333333,3.193147964
TOP2B,0.000280112,517,0.333333333,3.227408143
ZNF324,0.000256279,139,0.333333333,3.062562066
ZNF85,0.000256805,149,0.333333333,3.06653426
ZW10,0.00026688,320,0.333333333,3.139523337
BDNF,0.000253807,93,0.333333333,3.043694141
MED6,0.000265604,279,0.333333333,3.130585899
RUVBL1,0.000267451,322,0.333333333,3.143495531
CD70,0.000261917,225,0.333333333,3.104270109
TOE1,0.000260688,214,0.333333333,3.095332671
PRDM2,0.000269397,338,0.333333333,3.156901688
UPF2,0.000276855,462,0.333333333,3.206554121
DAAM1,0.000276243,435,0.333333333,3.202581927
SMS,0.000272331,383,0.333333333,3.176762661
PPP1R2,0.000260349,198,0.333333333,3.09285005
MMACHC,0.000266596,286,0.333333333,3.137537239
YME1L1,0.00026441,263,0.333333333,3.122144985
YTHDC1,0.000263574,250,0.333333333,3.116186693
HMGXB4,0.000269397,328,0.333333333,3.156901688
EFNA1,0.000253614,99,0.333333333,3.042204568
FCHSD2,0.000270563,363,0.333333333,3.164846077
CAMLG,0.000262261,230,0.333333333,3.106752731
HNRNPA2B1,0.000286615,627,0.5,3.267626614
CBX5,0.000279955,515,0.333333333,3.226415094
ZNF804A,0.000259403,182,0.333333333,3.085898709
NCKAP1L,0.000266525,309,0.333333333,3.137040715
LARP4,0.000258933,174,0.333333333,3.082423039
SETBP1,0.000286041,554,0.5,3.264150943
SAP30,0.00026295,245,0.333333333,3.111717974
PPP1CC,0.000290276,691,0.333333333,3.289473684
QKI,0.000276472,435,0.333333333,3.2040715
CUL9,0.000256739,141,0.333333333,3.066037736
RHOH,0.000268817,343,0.333333333,3.152929494
GOSR1,0.000263435,241,0.333333333,3.115193644
C2CD5,0.000274198,408,0.333333333,3.18917577
DDX10,0.000267881,330,0.333333333,3.146474677
PABPC4,0.000271223,371,0.333333333,3.169314796
SLC33A1,0.000256805,149,0.333333333,3.06653426
MRAS,0.000259538,186,0.333333333,3.086891758
IPO13,0.000260756,201,0.333333333,3.095829196
PPP1R7,0.000261165,214,0.333333333,3.098808342
PRKCZ,0.000265957,316,0.333333333,3.13306852
ARFGEF1,0.00026738,306,0.333333333,3.142999007
ADAM17,0.000263505,249,0.333333333,3.115690169
TACR2,0.000263783,253,0.333333333,3.117676266
DKK1,0.000253229,94,0.333333333,3.039225422
PHF3,0.000283768,557,0.333333333,3.250248262
USP33,0.000265322,277,0.333333333,3.128599801
MX2,0.000255102,129,0.333333333,3.053624628
NUP160,0.000273,405,0.333333333,3.18123138
ARHGEF1,0.000267165,310,0.333333333,3.141509434
PTK2,0.000278707,512,0.333333333,3.218470705
CBL,0.000276625,493,0.333333333,3.205064548
SPRY2,0.000265887,295,0.333333333,3.132571996
ASNS,0.000259538,196,0.333333333,3.086891758
SLC25A40,0.000263089,246,0.333333333,3.112711023
PXN,0.00026178,260,0.333333333,3.103277061
CUL1,0.000274048,444,0.333333333,3.188182721
DLG3,0.000254065,107,0.333333333,3.045680238
ZNF24,0.000257467,151,0.333333333,3.071499503
ZNF292,0.000260688,204,0.333333333,3.095332671
CNOT4,0.000263992,254,0.333333333,3.119165839
COPS5,0.00028082,547,0.333333333,3.231876862
GNB2L1,0.000262812,251,0.333333333,3.110724926
MGAT3,0.000256674,140,0.333333333,3.065541212
ZBTB11,0.00026976,337,0.333333333,3.15938431
HIST1H1E,0.000257533,152,0.333333333,3.071996028
PPIG,0.000266028,290,0.333333333,3.133565045
MICU2,0.000269469,344,0.333333333,3.157398213
PPP2CA,0.000293083,718,0.333333333,3.305858987
FNBP4,0.000270709,353,0.333333333,3.165839126
UBE2H,0.00026688,306,0.333333333,3.139523337
ACTN4,0.000271592,375,0.333333333,3.171797418
PTPN22,0.000263574,275,0.333333333,3.116186693
EIF4G1,0.000264831,284,0.333333333,3.125124131
EIF1B,0.000265463,270,0.333333333,3.12959285
SUCLA2,0.000268601,331,0.333333333,3.151439921
IL12B,0.000261849,229,0.333333333,3.103773585
SF3B1,0.000281611,540,0.333333333,3.236842105
ZBED4,0.000259808,190,0.333333333,3.088877855
STAT5A,0.000270783,408,0.333333333,3.16633565
WDR82,0.000275786,426,0.333333333,3.199602781
IL2RB,0.000265816,344,0.333333333,3.132075472
ANGPT1,0.000259067,179,0.333333333,3.083416087
SNAI2,0.000261438,215,0.333333333,3.100794439
PMS1,0.000268745,347,0.333333333,3.152432969
MARCH7,0.000278707,487,0.333333333,3.218470705
LPIN2,0.000262467,227,0.333333333,3.108242304
IFNG,0.00026976,369,0.333333333,3.15938431
IRF1,0.000270197,385,0.333333333,3.162363456
HMGN3,0.000268168,319,0.333333333,3.148460775
ARPP19,0.000259403,189,0.333333333,3.085898709
MFHAS1,0.000263922,254,0.333333333,3.118669315
NCOR2,0.000280112,524,0.333333333,3.227408143
FBXO21,0.000264061,253,0.333333333,3.119662363
VPS8,0.000265041,262,0.333333333,3.126613704
PCF11,0.000273149,399,0.333333333,3.182224429
SMARCA5,0.000279018,515,0.333333333,3.220456802
STK17A,0.000268962,353,0.333333333,3.153922542
PDCD10,0.000271887,376,0.333333333,3.173783515
ZNF124,0.000259134,178,0.333333333,3.083912612
ALOX5,0.000272851,395,0.333333333,3.180238332
ANGPT2,0.000256148,138,0.333333333,3.061569017
TCF7,0.000260552,210,0.333333333,3.094339623
BICD2,0.000263505,245,0.333333333,3.115690169
MTF1,0.000259605,187,0.333333333,3.087388282
MCL1,0.000267953,336,0.333333333,3.146971202
CTBP2,0.000268962,329,0.333333333,3.153922542
ZNF195,0.000265745,276,0.333333333,3.131578947
VEGFC,0.000273,396,0.333333333,3.18123138
KAT2A,0.000268528,331,0.333333333,3.150943396
XPC,0.000262881,239,0.333333333,3.11122145
CHERP,0.000258532,174,0.333333333,3.079443893
NDRG1,0.000263783,255,0.333333333,3.117676266
ID3,0.000261097,224,0.333333333,3.098311817
RPLP0,0.000263505,263,0.333333333,3.115690169
U2AF2,0.000260146,216,0.333333333,3.091360477
USP24,0.000259134,183,0.333333333,3.083912612
DDX3Y,0.000254388,108,0.333333333,3.04816286
BRAF,0.000272405,401,0.333333333,3.177259186
KPNA4,0.000270051,351,0.333333333,3.161370407
PES1,0.000260281,202,0.333333333,3.092353525
TEK,0.000266241,307,0.333333333,3.135054618
FMNL1,0.000264971,280,0.333333333,3.12611718
ZFYVE16,0.000258198,165,0.333333333,3.076961271
CUL3,0.000278862,508,0.333333333,3.219463754
ROCK2,0.000268962,333,0.333333333,3.153922542
SMC5,0.000261165,213,0.333333333,3.098808342
DCAF7,0.000262467,229,0.333333333,3.108242304
JAK2,0.000269469,404,0.333333333,3.157398213
NLRP1,0.000268025,325,0.333333333,3.147467726
KCNA4,0.000254647,108,0.333333333,3.050148957
RAP1B,0.000278242,486,0.333333333,3.215491559
EIF4H,0.000269978,349,0.333333333,3.160873883
COX5B,0.000256542,137,0.333333333,3.064548163
AHCTF1,0.000263644,258,0.333333333,3.116683217
PFAS,0.00026688,289,0.333333333,3.139523337
PARP2,0.000269251,336,0.333333333,3.15590864
GUCY1A3,0.000252717,86,0.333333333,3.035253227
SEPT2,0.000257334,152,0.333333333,3.070506455
YWHAQ,0.000273748,423,0.333333333,3.186196624
ADNP2,0.000268312,324,0.333333333,3.149453823
LIMS1,0.000260756,219,0.333333333,3.095829196
ZNF273,0.000262192,230,0.333333333,3.106256207
ADAR,0.00027933,503,0.333333333,3.2224429
TRIM13,0.00026441,263,0.333333333,3.122144985
E2F2,0.000271813,389,0.5,3.173286991
TIAM1,0.000279486,485,0.333333333,3.223435948
ABCE1,0.000272777,428,0.333333333,3.179741807
SMAD2,0.000275938,489,0.333333333,3.200595829
NBR1,0.000257931,154,0.333333333,3.074975174
PCYT1A,0.000259808,188,0.333333333,3.088877855
PNPLA6,0.000255951,140,0.333333333,3.060079444
EIF2AK2,0.000265182,287,0.333333333,3.127606753
VDR,0.000261712,243,0.333333333,3.102780536
KRT12,0.000251699,75,0.333333333,3.027308838
KPNA1,0.000268673,346,0.333333333,3.151936445
IRF8,0.00027137,411,0.333333333,3.170307845
SHANK2,0.000261438,206,0.333333333,3.100794439
CDC27,0.000276091,474,0.333333333,3.201588878
SHMT2,0.000263366,237,0.333333333,3.11469712
ARAF,0.000268601,342,0.333333333,3.151439921
STAT2,0.00026448,282,0.333333333,3.122641509
FBXL4,0.000263574,248,0.333333333,3.116186693
TAF6L,0.000252143,73,0.333333333,3.030784508
NKTR,0.000269251,345,0.333333333,3.15590864
ZNF143,0.000269397,354,0.333333333,3.156901688
NAT6,0.000247954,51,0.333333333,2.997517378
HIST1H2BD,0.000254518,114,0.333333333,3.049155909
UBTF,0.000265463,285,0.333333333,3.12959285
DOCK1,0.000252972,94,0.333333333,3.037239325
SLC23A2,0.000256345,137,0.333333333,3.06305859
AKIRIN2,0.000263296,242,0.333333333,3.114200596
NFIB,0.000284252,536,0.333333333,3.253227408
USP8,0.000267809,313,0.333333333,3.145978153
IFNA4,0.00025582,127,0.333333333,3.059086395
SUMO4,0.000259067,175,0.333333333,3.083416087
BTN2A1,0.000256937,145,0.333333333,3.067527309
HOXD3,0.000250063,60,0.333333333,3.014399206
CDC42EP3,0.000262261,228,0.333333333,3.106752731
MTF2,0.000276319,463,0.333333333,3.203078451
SUMO3,0.000258465,177,0.333333333,3.078947368
CD55,0.000268673,332,0.333333333,3.151936445
ZBTB7A,0.000255037,119,0.333333333,3.053128103
HBEGF,0.00025582,143,0.333333333,3.059086395
TERT,0.00025974,200,0.333333333,3.088381331
SPON1,0.000248324,57,0.333333333,3.000496524
PTPN1,0.000266809,329,0.333333333,3.139026812
CHMP1A,0.000259403,181,0.333333333,3.085898709
SECISBP2L,0.000269251,336,0.333333333,3.15590864
SNW1,0.000279564,528,0.333333333,3.223932473
HUS1,0.000261506,220,0.333333333,3.101290963
TXN,0.000273373,399,0.333333333,3.183714002
PSMB2,0.000261438,233,0.333333333,3.100794439
CDK19,0.000274574,417,0.333333333,3.191658391
BCAS2,0.000266028,282,0.333333333,3.133565045
SLC31A1,0.00026096,207,0.333333333,3.097318769
SMARCB1,0.000266241,304,0.333333333,3.135054618
PSMD14,0.000273149,429,0.333333333,3.182224429
RANBP1,0.000267308,322,0.333333333,3.142502483
IL10RA,0.000265322,317,0.333333333,3.128599801
WDR43,0.000261028,204,0.333333333,3.097815293
TTBK2,0.000261917,219,0.333333333,3.104270109
PLCH1,0.000259,175,0.333333333,3.082919563
BLNK,0.000268168,373,0.333333333,3.148460775
NLE1,0.000259067,185,0.333333333,3.083416087
RBM6,0.00026462,269,0.333333333,3.123634558
GTF2H3,0.000271739,377,0.333333333,3.172790467
RALGAPA1,0.000267809,316,0.333333333,3.145978153
ANP32E,0.000272777,408,0.333333333,3.179741807
FAM175B,0.000261575,223,0.333333333,3.101787488
ZNF117,0.00025974,188,0.333333333,3.088381331
P2RY10,0.000257666,158,0.333333333,3.072989076
MYBL1,0.00026001,188,0.333333333,3.090367428
IGFBP5,0.000259134,179,0.333333333,3.083912612
AZI1,0.000256476,142,0.333333333,3.064051639
AKAP11,0.000274123,405,0.333333333,3.188679245
PPP1R8,0.000277469,459,0.333333333,3.210526316
SPIB,0.000262192,237,0.333333333,3.106256207
SLC25A36,0.000268889,323,0.333333333,3.153426018
SMAD5,0.000260688,211,0.333333333,3.095332671
GATA2,0.000255167,122,0.333333333,3.054121152
JAK3,0.000271592,404,0.333333333,3.171797418
INPPL1,0.00026178,222,0.333333333,3.103277061
NREP,0.000270124,344,0.333333333,3.161866931
STARD7,0.000269397,338,0.333333333,3.156901688
KEL,0.000256345,138,0.333333333,3.06305859
COPS8,0.000276319,447,0.333333333,3.203078451
HK2,0.000258264,167,0.333333333,3.077457795
PANK3,0.000264201,259,0.333333333,3.120655412
UFL1,0.000268745,322,0.333333333,3.152432969
ULK2,0.000259403,183,0.333333333,3.085898709
MPV17,0.000265604,278,0.333333333,3.130585899
AIMP2,0.000271739,380,0.333333333,3.172790467
ACBD3,0.000261575,215,0.333333333,3.101787488
ITK,0.000262329,266,0.333333333,3.107249255
NAIP,0.000254065,107,0.333333333,3.045680238
PCMTD2,0.000260688,201,0.333333333,3.095332671
SRSF11,0.000279174,505,0.333333333,3.221449851
HNRNPD,0.000287191,634,0.333333333,3.271102284
TCP1,0.000264061,278,0.333333333,3.119662363
ANKRD26,0.000263505,252,0.333333333,3.115690169
GSS,0.000262881,243,0.333333333,3.11122145
EDN2,0.000265182,271,0.333333333,3.127606753
OPTN,0.000257865,163,0.333333333,3.074478649
BDKRB2,0.000249066,53,0.333333333,3.006454816
TRMU,0.000251067,79,0.333333333,3.022343595
UTRN,0.000256476,140,0.333333333,3.064051639
DCTN6,0.00027533,415,0.5,3.196623635
ENC1,0.000263922,251,0.333333333,3.118669315
LMO4,0.000268384,324,0.333333333,3.149950348
RAB11FIP2,0.000274123,420,0.333333333,3.188679245
SACM1L,0.000272257,373,0.333333333,3.176266137
SEC62,0.000267308,303,0.333333333,3.142502483
DNM2,0.00025974,193,0.333333333,3.088381331
CHD2,0.000266525,300,0.333333333,3.137040715
STAG1,0.000280112,525,0.333333333,3.227408143
MAST1,0.000259067,176,0.333333333,3.083416087
GRIN1,0.000252016,92,0.333333333,3.02979146
ATP2B1,0.000273373,401,0.333333333,3.183714002
NUP62,0.000270343,367,0.333333333,3.163356504
GRAP,0.000254582,142,0.333333333,3.049652433
CCR3,0.000261028,210,0.333333333,3.097815293
ITGB3,0.000262812,250,0.333333333,3.110724926
SART3,0.000265534,293,0.333333333,3.130089374
PLCB1,0.00028082,495,0.333333333,3.231876862
TONSL,0.000255558,126,0.333333333,3.057100298
AP4M1,0.000256213,136,0.333333333,3.062065541
GCM1,0.000253678,96,0.333333333,3.042701092
ARID3A,0.000254259,102,0.333333333,3.047169811
RXRB,0.000258866,201,0.333333333,3.081926514
ARHGDIB,0.000267523,360,0.333333333,3.143992056
XRCC1,0.000267094,304,0.333333333,3.14101291
KRR1,0.000260824,204,0.333333333,3.09632572
SNRNP200,0.000269179,345,0.333333333,3.155412115
MAPK7,0.000277162,472,0.333333333,3.208540218
ENO1,0.000265887,296,0.333333333,3.132571996
NME4,0.000256608,141,0.333333333,3.065044687
HCFC1,0.000265957,289,0.333333333,3.13306852
LYL1,0.000260688,203,0.333333333,3.095332671
RIF1,0.000264131,257,0.333333333,3.120158888
MAP2K4,0.00027972,535,0.333333333,3.224925521
TAB2,0.000267594,330,0.333333333,3.14448858
MAP2K3,0.000267523,340,0.333333333,3.143992056
TIPARP,0.000268817,324,0.333333333,3.152929494
HDAC4,0.000262192,236,0.333333333,3.106256207
DDX21,0.000274574,442,0.333333333,3.191658391
FCER1G,0.000263922,266,0.333333333,3.118669315
MAP3K1,0.000271961,413,0.333333333,3.17428004
IL2RA,0.000265041,275,0.333333333,3.126613704
CBR4,0.000262261,222,0.333333333,3.106752731
CTCF,0.000288184,618,0.333333333,3.277060576
VEGFB,0.00025582,132,0.333333333,3.059086395
ARHGAP25,0.000261643,240,0.333333333,3.102284012
PSMA4,0.000272183,404,0.333333333,3.175769613
DKC1,0.000275862,481,0.333333333,3.200099305
SWAP70,0.000261097,211,0.333333333,3.098311817
POLG2,0.000264831,285,0.333333333,3.125124131
DR1,0.000272628,408,0.333333333,3.178748759
RNF2,0.000267666,322,0.333333333,3.144985104
IPO5,0.000276472,439,0.333333333,3.2040715
PPP4R1,0.000259403,183,0.333333333,3.085898709
AFF1,0.00028401,535,0.333333333,3.251737835
REST,0.000263158,250,0.333333333,3.113207547
IRF3,0.000271297,377,0.333333333,3.169811321
ZC3HAV1,0.000265534,282,0.333333333,3.130089374
ACOT7,0.000256739,144,0.333333333,3.066037736
SH2B1,0.000258532,172,0.333333333,3.079443893
CPSF6,0.000273598,425,0.333333333,3.185203575
RAB22A,0.00025582,132,0.333333333,3.059086395
CEBPG,0.000267881,328,0.333333333,3.146474677
KDM4B,0.000256345,135,0.333333333,3.06305859
NSL1,0.000261165,230,0.333333333,3.098808342
TBC1D5,0.000273823,401,0.333333333,3.186693148
MAX,0.000266525,309,0.333333333,3.137040715
SLC20A1,0.000276932,453,0.333333333,3.207050645
CCND2,0.000267953,329,0.333333333,3.146971202
COL18A1,0.000265534,270,0.333333333,3.130089374
SPAG1,0.00025582,128,0.333333333,3.059086395
LMNB2,0.000272926,383,0.333333333,3.180734856
RNF126,0.000256213,136,0.333333333,3.062065541
TTI1,0.000274499,418,0.333333333,3.191161867
U2AF1,0.000267809,344,0.333333333,3.145978153
GTF3A,0.000259673,187,0.333333333,3.087884806
ZNF268,0.000256937,148,0.333333333,3.067527309
ANGEL1,0.000250501,61,0.333333333,3.017874876
TTF2,0.000274348,444,0.333333333,3.190168818
MIF,0.000259269,182,0.333333333,3.08490566
PPP4C,0.000271518,372,0.5,3.171300894
MFNG,0.000257732,161,0.333333333,3.073485601
SGTA,0.000260892,202,0.333333333,3.096822244
CCL4,0.000255493,134,0.333333333,3.056603774
ZFR,0.00026688,301,0.333333333,3.139523337
SREBF1,0.000257202,148,0.333333333,3.069513406
PRPS2,0.000269107,336,0.333333333,3.154915591
HN1L,0.00026178,215,0.333333333,3.103277061
SP2,0.000260213,196,0.333333333,3.091857001
PPM1G,0.000279174,487,0.5,3.221449851
GCFC2,0.000267809,318,0.333333333,3.145978153
IL15,0.00027027,356,0.333333333,3.16285998
CYP19A1,0.00027972,490,0.333333333,3.224925521
ATAD2B,0.000263158,239,0.333333333,3.113207547
PCDH17,0.000267666,311,0.333333333,3.144985104
RHOA,0.000270563,395,0.333333333,3.164846077
BCL10,0.000261643,245,0.333333333,3.102284012
PRKCA,0.000274424,454,0.333333333,3.190665343
HSPA8,0.000265604,298,0.333333333,3.130585899
FGF13,0.000257533,156,0.333333333,3.071996028
TRIB2,0.000272183,395,0.333333333,3.175769613
ADSL,0.000281057,532,0.333333333,3.233366435
POU2F2,0.000260688,211,0.333333333,3.095332671
ST6GAL1,0.000259,180,0.333333333,3.082919563
MYH9,0.00026976,364,0.333333333,3.15938431
PTPN4,0.000266596,299,0.333333333,3.137537239
HIST1H2AI,0.000252207,97,0.333333333,3.031281033
REPS1,0.000265252,286,0.333333333,3.128103277
RP2,0.000260485,204,0.333333333,3.093843098
SLC1A5,0.000259202,179,0.333333333,3.084409136
ZYX,0.000258131,172,0.333333333,3.076464747
SNRPF,0.000273448,436,0.333333333,3.184210526
PAX5,0.000261986,241,0.333333333,3.104766634
TAF1,0.000262536,247,0.333333333,3.108738828
KLHL20,0.000256805,144,0.333333333,3.06653426
GTF2B,0.000271297,384,0.333333333,3.169811321
CCT8,0.00026434,277,0.333333333,3.121648461
RPL11,0.000267738,329,0.333333333,3.145481629
CLTCL1,0.000258532,173,0.333333333,3.079443893
DDHD2,0.000261165,209,0.333333333,3.098808342
PIAS2,0.000268601,324,0.333333333,3.151439921
YWHAZ,0.000272183,401,0.333333333,3.175769613
YY1,0.000266809,330,0.333333333,3.139026812
PCK1,0.000267094,299,0.333333333,3.14101291
HSPH1,0.000272257,386,0.333333333,3.176266137
RXRG,0.000261438,228,0.333333333,3.100794439
TCF12,0.000273898,415,0.333333333,3.187189672
ZNF345,0.000264201,258,0.333333333,3.120655412
PRKD2,0.000263158,241,0.333333333,3.113207547
DDX42,0.000263366,256,0.333333333,3.11469712
CFHR4,0.000251193,67,0.333333333,3.023336643
GRM3,0.000255363,123,0.333333333,3.055610725
KLK3,0.000257666,163,0.333333333,3.072989076
RNF44,0.000263158,237,0.333333333,3.113207547
GTF2F2,0.000275255,437,0.333333333,3.19612711
EFNB2,0.000262605,236,0.333333333,3.109235353
CSNK1G2,0.000275862,438,0.333333333,3.200099305
FAM179B,0.000267308,304,0.333333333,3.142502483
RIPK2,0.000266028,310,0.333333333,3.133565045
FARS2,0.000271961,366,0.333333333,3.17428004
MFAP1,0.000265393,270,0.333333333,3.129096326
CCR6,0.000262743,239,0.333333333,3.110228401
SCCPDH,0.000257931,158,0.333333333,3.074975174
PRKAR1A,0.000272257,384,0.333333333,3.176266137
ALG13,0.000262674,231,0.333333333,3.109731877
ICAM5,0.000256279,135,0.333333333,3.062562066
MPHOSPH8,0.000261233,212,0.333333333,3.099304866
HDAC5,0.000265252,287,0.333333333,3.128103277
CD1D,0.000259336,189,0.333333333,3.085402185
GZMB,0.000254777,131,0.333333333,3.051142006
PACSIN2,0.000262055,219,0.333333333,3.105263158
ZNF200,0.000266454,295,0.333333333,3.136544191
AARS,0.00026096,206,0.333333333,3.097318769
FAM65B,0.000272183,397,0.333333333,3.175769613
ARSB,0.000262881,231,0.333333333,3.11122145
NEK7,0.00028169,517,0.333333333,3.23733863
EFNB1,0.000256805,147,0.333333333,3.06653426
GHR,0.000267523,315,0.333333333,3.143992056
NSMAF,0.000268312,325,0.333333333,3.149453823
ETV5,0.000265111,271,0.333333333,3.127110228
PIK3CB,0.000273224,428,0.333333333,3.182720953
NQO1,0.000253036,93,0.333333333,3.037735849
ISG20L2,0.000257202,153,0.333333333,3.069513406
MTRF1L,0.000253485,91,0.333333333,3.041211519
EZR,0.000263574,257,0.333333333,3.116186693
PALB2,0.000265252,279,0.333333333,3.128103277
APPL1,0.000261712,219,0.333333333,3.102780536
E4F1,0.000257268,151,0.333333333,3.07000993
ADIPOR1,0.000258665,168,0.333333333,3.080436941
STRADB,0.000271961,376,0.5,3.17428004
SIRT1,0.00027115,374,0.333333333,3.168818272
PRKAG2,0.000260417,204,0.333333333,3.093346574
LATS2,0.000260688,205,0.5,3.095332671
CAB39,0.000265887,285,0.333333333,3.132571996
PERP,0.000259067,181,0.333333333,3.083416087
SESN1,0.000260688,206,0.333333333,3.095332671
ATG4D,0.000252016,87,0.333333333,3.02979146
IFT57,0.000256805,144,0.333333333,3.06653426
MST4,0.000266809,309,0.333333333,3.139026812
RNF34,0.000260213,189,0.5,3.091857001
ANAPC7,0.000254453,125,0.333333333,3.048659384
MRPL39,0.000256739,150,0.333333333,3.066037736
SESN3,0.000265675,273,0.333333333,3.131082423
ZMAT3,0.00026434,257,0.333333333,3.121648461
SHISA5,0.000254777,117,0.333333333,3.051142006
CTDSP1,0.000257666,159,0.333333333,3.072989076
GLTSCR2,0.000257798,158,0.333333333,3.073982125
BRD7,0.000261917,221,0.333333333,3.104270109
MLST8,0.000260756,213,0.333333333,3.095829196
REXO2,0.000256674,140,0.333333333,3.065541212
RRM2B,0.000265675,279,0.333333333,3.131082423
RNF144B,0.00026062,195,0.333333333,3.094836147
DEDD2,0.000257334,157,0.333333333,3.070506455
MARK4,0.000259943,199,0.333333333,3.089870904
RFWD2,0.000262674,240,0.333333333,3.109731877
UIMC1,0.000272628,408,0.333333333,3.178748759
KBTBD7,0.000260078,193,0.333333333,3.090863952
EME1,0.000260892,207,0.333333333,3.096822244
TNFRSF10A,0.000258398,191,0.333333333,3.078450844
FAM175A,0.00025025,76,0.333333333,3.015888779
CCNK,0.000260281,202,0.333333333,3.092353525
PREX1,0.000263713,251,0.333333333,3.117179742
SIN3A,0.000263644,277,0.333333333,3.116683217
RGCC,0.000258532,171,0.333333333,3.079443893
C12orf5,0.00026062,201,0.333333333,3.094836147
PTPMT1,0.000250941,64,0.333333333,3.021350546
FAF1,0.000266454,306,0.333333333,3.136544191
PYCARD,0.000257998,169,0.333333333,3.075471698
PI4KA,0.000265111,279,0.333333333,3.127110228
MLF1IP,0.000285796,626,0.5,3.26266137
NCOR1,0.000271076,387,0.333333333,3.168321748
NCAPG2,0.000273898,432,0.333333333,3.187189672
FANCD2,0.000269978,369,0.333333333,3.160873883
SRA1,0.000247954,50,0.333333333,2.997517378
PTBP2,0.000282805,545,0.333333333,3.24428997
RACGAP1,0.000286944,586,0.333333333,3.269612711
BAG4,0.000259403,185,0.333333333,3.085898709
BRCC3,0.000257136,150,0.333333333,3.069016882
PIP4K2C,0.000254712,121,0.333333333,3.050645482
ZHX1,0.000258933,179,0.333333333,3.082423039
NUSAP1,0.000272851,467,0.5,3.180238332
STRADA,0.000270783,366,0.333333333,3.16633565
CENPW,0.000264131,248,0.333333333,3.120158888
TSPAN14,0.000260417,201,0.333333333,3.093346574
PIK3AP1,0.000262881,238,0.333333333,3.11122145
ZWILCH,0.000271444,381,0.333333333,3.170804369
CCAR2,0.000258264,161,0.333333333,3.077457795
TAOK1,0.000269397,341,0.333333333,3.156901688
KLHL24,0.000260688,211,0.333333333,3.095332671
JMY,0.000258732,173,0.333333333,3.080933466
ZNF367,0.000268312,316,0.333333333,3.149453823
TTC33,0.000259605,190,0.333333333,3.087388282
DCLRE1C,0.000262536,240,0.333333333,3.108738828
TIPIN,0.000265463,303,0.333333333,3.12959285
COL4A3BP,0.000257798,155,0.333333333,3.073982125
DAPP1,0.000259808,209,0.333333333,3.088877855
IP6K2,0.000261575,214,0.333333333,3.101787488
FAM126B,0.00026096,202,0.333333333,3.097318769
ZNF654,0.000261575,212,0.333333333,3.101787488
POLR3K,0.000268889,341,0.333333333,3.153426018
BUD13,0.000281532,522,0.5,3.236345581
ANKRD13C,0.000254647,121,0.333333333,3.050148957
THRAP3,0.000272851,392,0.333333333,3.180238332
YEATS4,0.000270124,383,0.333333333,3.161866931
ZRANB1,0.000259943,200,0.333333333,3.089870904
CKAP2,0.000273673,435,0.333333333,3.185700099
ZCCHC6,0.000273448,403,0.333333333,3.184210526
GMNN,0.000272257,391,0.333333333,3.176266137
HERC1,0.000273448,398,0.333333333,3.184210526
PHF19,0.000257334,154,0.333333333,3.070506455
MIS18A,0.000276396,492,0.333333333,3.203574975
GPBP1L1,0.000259269,185,0.333333333,3.08490566
LRIF1,0.000266951,294,0.333333333,3.140019861
HERC5,0.000255558,129,0.333333333,3.057100298
CEP41,0.000256148,131,0.333333333,3.061569017
BORA,0.00026688,313,0.333333333,3.139523337
UBR7,0.000269542,344,0.333333333,3.157894737
NUP85,0.000270416,375,0.333333333,3.163853029
ZBTB44,0.000260146,189,0.333333333,3.091360477
DROSHA,0.000270929,373,0.5,3.167328699
TBC1D15,0.00026178,217,0.333333333,3.103277061
CLEC2D,0.000270416,374,0.333333333,3.163853029
PROSER1,0.000259134,181,0.333333333,3.083912612
PAG1,0.000267809,314,0.333333333,3.145978153
SLAMF6,0.000257865,171,0.333333333,3.074478649
MAVS,0.000254388,116,0.333333333,3.04816286
VAV3,0.000259471,190,0.333333333,3.086395233
MIER3,0.000258665,170,0.333333333,3.080436941
RICTOR,0.000262192,240,0.333333333,3.106256207
DPP8,0.000262398,234,0.333333333,3.10774578
UBA52,0.000257599,157,0.333333333,3.072492552
PLEKHF2,0.000267953,317,0.333333333,3.146971202
DDX58,0.000260146,201,0.333333333,3.091360477
ZCCHC8,0.000276702,454,0.333333333,3.205561072
BANK1,0.000265745,304,0.333333333,3.131578947
RHNO1,0.000260756,202,0.333333333,3.095829196
FAM214A,0.000262881,231,0.333333333,3.11122145
RNF219,0.000257599,157,0.333333333,3.072492552
SPON2,0.000252398,81,0.333333333,3.032770606
LEMD3,0.000281928,543,0.333333333,3.238828203
SP140L,0.000253229,101,0.333333333,3.039225422
MYBBP1A,0.000259134,187,0.333333333,3.083912612
EPG5,0.000254972,117,0.333333333,3.052631579
DNAJB14,0.000265182,265,0.333333333,3.127606753
NDC1,0.000268168,330,0.333333333,3.148460775
CLK4,0.000267165,307,0.333333333,3.141509434
XRN1,0.000267165,308,0.333333333,3.141509434
TINF2,0.000259202,184,0.333333333,3.084409136
PAXBP1,0.000266028,287,0.333333333,3.133565045
PSRC1,0.000259471,184,0.333333333,3.086395233
MED4,0.000263435,254,0.333333333,3.115193644
RNF125,0.000257268,150,0.333333333,3.07000993
C7orf60,0.000253678,104,0.333333333,3.042701092
DGCR8,0.000259471,184,0.333333333,3.086395233
MBTD1,0.000266951,307,0.333333333,3.140019861
RC3H2,0.000256213,143,0.333333333,3.062065541
PRR11,0.000268745,342,0.333333333,3.152432969
CTDSPL2,0.000258131,171,0.333333333,3.076464747
MED16,0.00025582,133,0.333333333,3.059086395
PDGFC,0.000271297,359,0.333333333,3.169811321
INTS8,0.000267451,312,0.333333333,3.143495531
ARHGAP27,0.000254323,106,0.333333333,3.047666336
NUP107,0.000280191,557,0.333333333,3.227904667
DCTN4,0.000258665,171,0.333333333,3.080436941
NUDCD1,0.000262261,223,0.333333333,3.106752731
GMCL1,0.000260146,190,0.333333333,3.091360477
C12orf44,0.00026062,204,0.333333333,3.094836147
DYNC1LI1,0.000265816,296,0.333333333,3.132075472
ANKRD44,0.000261028,210,0.333333333,3.097815293
ARL6IP6,0.000273448,391,0.333333333,3.184210526
MED17,0.000270783,368,0.333333333,3.16633565
MYNN,0.00025582,137,0.333333333,3.059086395
PIK3R5,0.000261643,221,0.333333333,3.102284012
FAM91A1,0.000261643,213,0.333333333,3.102284012
PPTC7,0.00026462,262,0.333333333,3.123634558
OXR1,0.000264061,254,0.333333333,3.119662363
ASH1L,0.000275406,436,0.333333333,3.197120159
CCDC109B,0.000266809,305,0.333333333,3.139026812
LINS,0.000252972,91,0.333333333,3.037239325
ZNF720,0.000249004,56,0.333333333,3.005958292
C3orf58,0.000258398,166,0.333333333,3.078450844
FAM111A,0.00026462,258,0.333333333,3.123634558
GNB4,0.000262329,228,0.333333333,3.107249255
KIAA1551,0.000267666,316,0.333333333,3.144985104
BTBD1,0.000274952,440,0.333333333,3.194141013
PHF13,0.000260281,196,0.333333333,3.092353525
STK11IP,0.000241721,38,0.333333333,2.945878848
IKZF3,0.000266312,311,0.333333333,3.135551142
USP39,0.000265675,285,0.333333333,3.131082423
UTP23,0.000252653,91,0.333333333,3.034756703
THUMPD2,0.000267094,299,0.333333333,3.14101291
CUTC,0.000264901,268,0.333333333,3.125620655
BIRC6,0.000269179,336,0.333333333,3.155412115
MIS18BP1,0.000279564,517,0.333333333,3.223932473
TMEM209,0.000255624,137,0.333333333,3.057596822
APPL2,0.000263574,246,0.333333333,3.116186693
WDR48,0.000271444,380,0.333333333,3.170804369
TP53INP1,0.000255167,118,0.333333333,3.054121152
BRMS1L,0.00026178,227,0.333333333,3.103277061
PHC3,0.000253485,104,0.333333333,3.041211519
C7orf49,0.000255951,130,0.333333333,3.060079444
DET1,0.000259943,190,0.333333333,3.089870904
TBK1,0.000277701,466,0.333333333,3.212015889
REV1,0.000274876,428,0.333333333,3.193644489
SAP130,0.00027248,389,0.333333333,3.17775571
RNF145,0.000256739,141,0.333333333,3.066037736
KIAA1429,0.000263783,259,0.333333333,3.117676266
CCNDBP1,0.000262192,224,0.333333333,3.106256207
PELI1,0.000276014,442,0.333333333,3.201092354
PDP1,0.000257732,158,0.333333333,3.073485601
C10orf118,0.00026001,197,0.333333333,3.090367428
DONSON,0.000272702,372,0.333333333,3.179245283
GIMAP2,0.000263783,246,0.333333333,3.117676266
RIPK3,0.000266312,298,0.5,3.135551142
MED28,0.000270124,352,0.333333333,3.161866931
POLR3E,0.00026448,260,0.5,3.122641509
ADAT1,0.000258465,168,0.333333333,3.078947368
TNKS2,0.000266667,303,0.333333333,3.138033764
HDGFRP2,0.000250627,70,0.333333333,3.018867925
PRMT5,0.000265041,283,0.333333333,3.126613704
PNPLA8,0.000253165,101,0.333333333,3.038728898
AAED1,0.000253036,91,0.333333333,3.037735849
NIN,0.000265957,285,0.333333333,3.13306852
MBNL3,0.000256345,134,0.333333333,3.06305859
RUNDC1,0.000253614,98,0.333333333,3.042204568
GMEB1,0.000265745,285,0.333333333,3.131578947
DCAF10,0.000256805,150,0.333333333,3.06653426
WDR81,0.0002531,95,0.333333333,3.038232373
SPOPL,0.000254907,123,0.333333333,3.052135055
RBM26,0.000270709,352,0.333333333,3.165839126
ZBTB41,0.000257334,153,0.333333333,3.070506455
ABHD13,0.000252908,90,0.333333333,3.0367428
ABCA7,0.000253807,100,0.333333333,3.043694141
CARHSP1,0.000260146,206,0.333333333,3.091360477
CNOT6,0.000271813,369,0.333333333,3.173286991
KANSL1,0.00026441,251,0.333333333,3.122144985
C9orf41,0.000253485,100,0.333333333,3.041211519
TAPT1,0.000252845,86,0.333333333,3.036246276
CRNKL1,0.000266951,315,0.333333333,3.140019861
WDYHV1,0.000260146,196,0.333333333,3.091360477
INO80D,0.000268601,316,0.333333333,3.151439921
TNIP2,0.00026469,269,0.333333333,3.124131082
ZCCHC7,0.000272405,374,0.333333333,3.177259186
DOK3,0.000252143,87,0.333333333,3.030784508
CHFR,0.000261575,216,0.333333333,3.101787488
CCDC41,0.000258465,171,0.333333333,3.078947368
EOMES,0.000255363,128,0.333333333,3.055610725
GAB3,0.000257865,163,0.333333333,3.074478649
FBXO38,0.000256739,147,0.333333333,3.066037736
SUPT16H,0.000280269,547,0.333333333,3.228401192
SLMAP,0.000257268,162,0.333333333,3.07000993
EGLN1,0.000262536,240,0.333333333,3.108738828
RAB18,0.000266596,290,0.333333333,3.137537239
FAM60A,0.000269906,360,0.333333333,3.160377358
DENND2D,0.000263852,259,0.333333333,3.11817279
ELOF1,0.000250501,71,0.333333333,3.017874876
NUP37,0.000280662,543,0.5,3.230883813
CREBRF,0.00025355,107,0.333333333,3.041708044
AMMECR1L,0.000266241,284,0.333333333,3.135054618
ASAP1,0.000263366,246,0.333333333,3.11469712
ZBTB10,0.000273673,405,0.333333333,3.185700099
SOAT1,0.000261165,214,0.333333333,3.098808342
SLC4A1AP,0.000257732,158,0.333333333,3.073485601
REC8,0.000254259,112,0.333333333,3.047169811
MND1,0.000260417,213,0.333333333,3.093346574
BRIP1,0.000275179,469,0.333333333,3.195630586
ATAD2,0.000273,393,0.333333333,3.18123138
POLQ,0.000277546,442,0.5,3.21102284
FANCE,0.000262123,231,0.333333333,3.105759682
CMTM2,0.000239349,24,0.333333333,2.925521351
ATRIP,0.000256082,153,0.333333333,3.061072493
HHAT,0.000261575,211,0.333333333,3.101787488
SESN2,0.000257202,146,0.333333333,3.069513406
FBXO31,0.00025641,140,0.333333333,3.063555114
MCM10,0.000274198,420,0.5,3.18917577
KIF15,0.000275179,465,0.333333333,3.195630586
RPRM,0.000275255,426,0.333333333,3.19612711
MAGI3,0.000258065,161,0.333333333,3.075968222
TP73,0.00026434,268,0.333333333,3.121648461
TNFAIP8L2,0.000258598,171,0.333333333,3.079940417
TTC5,0.000254582,111,0.333333333,3.049652433
CAB39L,0.000256148,131,0.333333333,3.061569017
MYOCD,0.000252908,90,0.333333333,3.0367428
SNRPN,0.000253036,83,0.333333333,3.037735849
PRKAG3,0.000251889,76,0.333333333,3.028798411
DTL,0.000272405,421,0.333333333,3.177259186
ASF1B,0.000269107,357,0.333333333,3.154915591
BCL2L14,0.000255624,126,0.333333333,3.057596822
EVA1C,0.000262881,233,0.333333333,3.11122145
FRS2,0.000252461,96,0.333333333,3.03326713
MCM8,0.000268384,377,0.333333333,3.149950348
HJURP,0.000269179,354,0.333333333,3.155412115
CENPH,0.000267738,397,0.333333333,3.145481629
CEP55,0.000269324,319,0.5,3.156405164
SETD8,0.000259067,182,0.333333333,3.083416087
HDAC7,0.000260485,211,0.333333333,3.093843098
NOD1,0.000258331,180,0.333333333,3.07795432
NCAPG,0.000276932,491,0.333333333,3.207050645
RMI2,0.000267094,295,0.333333333,3.14101291
SCN3B,0.00025413,100,0.333333333,3.046176763
PRC1,0.000271223,396,0.333333333,3.169314796
CENPK,0.000266241,338,0.333333333,3.135054618
CDCA8,0.000274876,475,0.333333333,3.193644489
HIST3H3,0.000257533,161,0.333333333,3.071996028
CARD11,0.000265604,290,0.333333333,3.130585899
DSN1,0.00026469,304,0.333333333,3.124131082
ATAD5,0.000274499,458,0.5,3.191161867
HIST1H4A,0.000257798,165,0.333333333,3.073982125
KIF18B,0.000265041,274,0.333333333,3.126613704
RFWD3,0.000261438,212,0.333333333,3.100794439
CDCA5,0.000267237,297,0.333333333,3.142005958
PPP1R13L,0.000254323,107,0.333333333,3.047666336
C11orf82,0.00026062,197,0.5,3.094836147
FBXO5,0.000273448,475,0.333333333,3.184210526
CABLES1,0.000253614,100,0.333333333,3.042204568
CDCA3,0.000268962,336,0.5,3.153922542
NUF2,0.000283206,586,0.5,3.246772592
C1orf112,0.000264061,262,0.5,3.119662363
AIFM2,0.000250941,61,0.333333333,3.021350546
TPTE,0.000257467,152,0.333333333,3.071499503
TACC3,0.000278474,484,0.5,3.216981132
KIF20A,0.000265675,287,0.333333333,3.131082423
RPTOR,0.00026062,212,0.333333333,3.094836147
KIF4A,0.000266809,322,0.333333333,3.139026812
GIT1,0.000259403,181,0.333333333,3.085898709
AUNIP,0.000264131,273,0.333333333,3.120158888
E2F8,0.000277932,479,0.333333333,3.213505462
UBE2T,0.000274123,469,0.333333333,3.188679245
POC1A,0.000261165,218,0.333333333,3.098808342
CENPM,0.00027027,392,0.333333333,3.16285998
CKAP2L,0.000263644,242,0.333333333,3.116683217
SGOL1,0.000258933,197,0.333333333,3.082423039
RCCD1,0.000245942,51,0.333333333,2.981132075
ORC6,0.000266667,329,0.333333333,3.138033764
ANLN,0.000270416,355,0.333333333,3.163853029
ASPM,0.000265534,269,0.333333333,3.130089374
SKA3,0.000267451,297,0.333333333,3.143495531
GINS3,0.00025974,194,0.333333333,3.088381331
FANCF,0.000266667,307,0.333333333,3.138033764
KIF18A,0.000268025,369,0.333333333,3.147467726
RAD18,0.00026688,316,0.333333333,3.139523337
SYCE2,0.000242601,46,0.333333333,2.953326713
SPC24,0.000260146,230,0.333333333,3.091360477
MAGOHB,0.000257666,168,0.333333333,3.072989076
PLCD3,0.000248509,55,0.333333333,3.001986097
GINS4,0.000259134,206,0.333333333,3.083912612
PBK,0.000285225,623,0.5,3.2591857
RMI1,0.000278242,457,0.333333333,3.215491559
TRPV1,0.00025227,77,0.333333333,3.031777557
PLCD4,0.000255037,114,0.333333333,3.053128103
FCRL1,0.000257998,170,0.333333333,3.075471698
PLCZ1,0.000260417,194,0.333333333,3.093346574
ECT2,0.000272183,376,0.5,3.175769613
ECSCR,0.000241255,33,0.333333333,2.941906653
WDR76,0.000273149,413,0.333333333,3.182224429
GINS2,0.000268889,352,0.333333333,3.153426018
PIDD,0.000257666,163,0.333333333,3.072989076
SPO11,0.000251193,67,0.333333333,3.023336643
SPDL1,0.000273224,417,0.333333333,3.182720953
SHCBP1,0.000268312,341,0.333333333,3.149453823
DCLRE1B,0.000257136,173,0.333333333,3.069016882
HELLS,0.000273224,395,0.333333333,3.182720953
DSCC1,0.000259471,214,0.333333333,3.086395233
ANTXR1,0.000265463,265,0.333333333,3.12959285
TRMT2B,0.000254777,110,0.333333333,3.051142006
SLC22A16,0.000253421,94,0.333333333,3.040714995
MED18,0.000258933,186,0.333333333,3.082423039
IL23R,0.000251383,70,0.333333333,3.024826216
PKIB,0.000257599,154,0.333333333,3.072492552
SLITRK1,0.000261028,202,0.333333333,3.097815293
BRSK1,0.000258665,177,0.333333333,3.080436941
AAAS,0.00026137,216,0.333333333,3.100297915
TP53AIP1,0.000250627,57,0.333333333,3.018867925
GPR132,0.000249128,60,0.333333333,3.006951341
OLAH,0.000251446,68,0.333333333,3.025322741
MCPH1,0.000279408,488,0.5,3.222939424
USP44,0.00026178,217,0.333333333,3.103277061
USP53,0.000256739,144,0.333333333,3.066037736
GPRASP2,0.000250438,66,0.333333333,3.017378352
C18orf56,0.000248509,76,0.333333333,3.001986097
NSD1,0.000268817,325,0.333333333,3.152929494
C7orf43,0.000257865,158,0.333333333,3.074478649
DEPDC1,0.000272405,384,0.333333333,3.177259186
MAPK3,0.000271518,424,0.333333333,3.171300894
MNS1,0.000255558,134,0.333333333,3.057100298
CHD7,0.000269542,337,0.333333333,3.157894737
ING5,0.000253678,97,0.333333333,3.042701092
FAM64A,0.000259673,183,0.333333333,3.087884806
DAB1,0.000278242,469,0.333333333,3.215491559
OSBPL6,0.000255951,124,0.333333333,3.060079444
CENPQ,0.000260213,220,0.333333333,3.091857001
CHTF18,0.000258732,182,0.333333333,3.080933466
TNS1,0.000260078,195,0.333333333,3.090863952
ING4,0.000257865,158,0.333333333,3.074478649
CENPL,0.000262674,245,0.333333333,3.109731877
INSRR,0.00025641,137,0.333333333,3.063555114
INCENP,0.000274876,454,0.333333333,3.193644489
CD82,0.000255558,135,0.333333333,3.057100298
SHROOM3,0.000265393,269,0.333333333,3.129096326
BCAS4,0.000268168,326,0.333333333,3.148460775
POLL,0.000261097,208,0.333333333,3.098311817
KIAA1377,0.000247525,40,0.333333333,2.994041708
NARFL,0.000254453,108,0.333333333,3.048659384
TSSK1B,0.000269542,335,0.333333333,3.157894737
ZFPM2,0.000262743,232,0.333333333,3.110228401
USF1,0.000256213,143,0.333333333,3.062065541
TDP1,0.000272851,406,0.333333333,3.180238332
FAM221A,0.000253678,100,0.333333333,3.042701092
MAK,0.00026469,261,0.333333333,3.124131082
STEAP3,0.000259538,178,0.333333333,3.086891758
PPM1J,0.000245278,32,0.333333333,2.975670308
NLRC4,0.000250564,81,0.333333333,3.0183714
RAD54B,0.000262467,246,0.333333333,3.108242304
BRWD3,0.000254453,113,0.333333333,3.048659384
MASTL,0.00026688,304,0.333333333,3.139523337
FBXW8,0.000259269,184,0.333333333,3.08490566
SPCS2,0.000266667,296,0.333333333,3.138033764
SMPX,0.000257202,152,0.333333333,3.069513406
CASP14,0.00025113,65,0.333333333,3.022840119
ZNF785,0.000253678,99,0.333333333,3.042701092
EPT1,0.000243013,36,0.333333333,2.956802383
SNIP1,0.000263227,255,0.333333333,3.113704071
C2orf43,0.000256608,136,0.333333333,3.065044687
ESCO2,0.000255493,142,0.333333333,3.056603774
HSH2D,0.000254712,137,0.333333333,3.050645482
NEIL3,0.000273,391,0.333333333,3.18123138
NUDT6,0.000246184,44,0.333333333,2.983118173
FANCM,0.000253293,114,0.333333333,3.039721946
MTA2,0.000260552,206,0.333333333,3.094339623
TIAM2,0.000256871,142,0.333333333,3.067030785
ERMAP,0.000241838,27,0.333333333,2.946871897
HIST1H3B,0.000254259,111,0.333333333,3.047169811
CLSPN,0.000256476,167,0.333333333,3.064051639
DEPDC1B,0.000266951,300,0.333333333,3.140019861
C19orf40,0.000248385,60,0.333333333,3.000993049
CCDC37,0.000253165,83,0.333333333,3.038728898
TMA16,0.000274348,419,0.333333333,3.190168818
E2F7,0.000272628,388,0.5,3.178748759
SUV39H2,0.000268673,354,0.333333333,3.151936445
REEP4,0.000254647,107,0.333333333,3.050148957
TTPAL,0.000252143,77,0.333333333,3.030784508
ZNF221,0.00024108,32,0.333333333,2.94041708
ADAT2,0.000252334,81,0.333333333,3.032274081
PMS2,0.000259336,186,0.333333333,3.085402185
CLK1,0.000263435,242,0.333333333,3.115193644
MTBP,0.000255558,121,0.333333333,3.057100298
TEX15,0.00025113,67,0.333333333,3.022840119
BHLHE41,0.000251004,73,0.333333333,3.021847071
TSPY1,0.000230309,16,0.333333333,2.84409136
DEFA1,0.000212993,5,0.333333333,2.668818272
POU5F1,0.000251193,68,0.333333333,3.023336643
SMC1B,0.00024079,39,0.333333333,2.937934459
SNX25,0.000266028,281,0.333333333,3.133565045
SMPD4,0.000255885,131,0.333333333,3.05958292
SLC45A3,0.000250689,67,0.333333333,3.019364449
UBD,0.000263783,252,0.333333333,3.117676266
SNURF,0.00020938,6,0.25,2.628599801
SLC2A14,0.000247525,38,0.333333333,2.994041708
MSH5,0.000250689,62,0.333333333,3.019364449
RAD51AP2,0.000176056,1,0.25,2.179741807
